{
    "avg_correct_paragraphs": 0.3038461538461539,
    "avg_correct_lines": 0.591241974317817,
    "avg_perplexities": 99.97557067871094,
    "avg_perplexities_difference": -6.023593902587891,
    "avg_syllable_differences": 2.0656284760845383,
    "avg_mean_deviation_syllable_count": 1.6388018379714826,
    "avg_correct_syllable_count": 0.3030998851894374,
    "avg_duration": 40.14935064315796,
    "avg_correct_rhymes": 0.4772727272727273,
    "avg_rhyme_word_length": 1.2222222222222223,
    "avg_pos_similarity": 0.7450421838270378,
    "avg_mean_deviation_pos_similarity": 0.14738777640067047,
    "avg_correct_pos_lines": 0.23901808785529716,
    "avg_overlap": 0.4085444610034774,
    "avg_repetition_difference": 0.10696229085563741
}