{
    "avg_perplexities": [
        [
            337.70013427734375,
            419.4509582519531,
            408.5638122558594,
            401.8876037597656,
            400.57073974609375,
            535.0221557617188
        ],
        [
            338.4917449951172,
            419.4129638671875,
            408.6644592285156,
            401.2291717529297,
            406.8429718017578,
            510.8584289550781
        ],
        [
            338.4917449951172,
            419.4129638671875,
            408.7651062011719,
            401.8876037597656,
            413.1152038574219,
            518.0510864257812
        ],
        [
            339.2833557128906,
            419.4509582519531,
            408.7651062011719,
            401.8876037597656,
            419.3749694824219,
            518.0510864257812
        ],
        [
            339.2833557128906,
            419.4509582519531,
            408.7651062011719,
            401.8876037597656,
            419.3749694824219,
            535.0221557617188
        ],
        [
            389.4840087890625,
            419.4509582519531,
            408.7651062011719,
            407.1640930175781,
            419.3749694824219,
            535.0221557617188
        ]
    ],
    "avg_perplexities_difference": [
        [
            223.6164779663086,
            272.7020721435547,
            253.2766342163086,
            282.5838203430176,
            271.5962677001953,
            413.7546157836914
        ],
        [
            258.3005542755127,
            281.40724182128906,
            301.45470809936523,
            299.23547744750977,
            274.12131118774414,
            399.84584045410156
        ],
        [
            233.99341201782227,
            282.39100646972656,
            330.2073440551758,
            311.09263610839844,
            271.5962677001953,
            420.5128707885742
        ],
        [
            238.7571258544922,
            290.11241149902344,
            330.2073440551758,
            311.09263610839844,
            272.7020721435547,
            420.5128707885742
        ],
        [
            238.7571258544922,
            290.11241149902344,
            330.2073440551758,
            311.09263610839844,
            272.7020721435547,
            435.5999450683594
        ],
        [
            239.17841720581055,
            290.11241149902344,
            330.2073440551758,
            325.5938186645508,
            272.7020721435547,
            435.5999450683594
        ]
    ],
    "avg_syllable_differences": [
        [
            0.0,
            0.0,
            0.0,
            0.0,
            0.0,
            0.0
        ],
        [
            0.0,
            0.0,
            0.0,
            0.0,
            0.0,
            0.0
        ],
        [
            0.0,
            0.0,
            0.0,
            0.0,
            0.0,
            0.0
        ],
        [
            0.0,
            0.0,
            0.0,
            0.0,
            0.0,
            0.0
        ],
        [
            0.0,
            0.0,
            0.0,
            0.0,
            0.0,
            0.0
        ],
        [
            0.0,
            0.0,
            0.0,
            0.0,
            0.0,
            0.0
        ]
    ],
    "avg_mean_deviation_syllable_count": [
        [
            0.0,
            0.0,
            0.0,
            0.0,
            0.0,
            0.0
        ],
        [
            0.0,
            0.0,
            0.0,
            0.0,
            0.0,
            0.0
        ],
        [
            0.0,
            0.0,
            0.0,
            0.0,
            0.0,
            0.0
        ],
        [
            0.0,
            0.0,
            0.0,
            0.0,
            0.0,
            0.0
        ],
        [
            0.0,
            0.0,
            0.0,
            0.0,
            0.0,
            0.0
        ],
        [
            0.0,
            0.0,
            0.0,
            0.0,
            0.0,
            0.0
        ]
    ],
    "avg_correct_syllable_count": [
        [
            1.0,
            1.0,
            1.0,
            1.0,
            1.0,
            1.0
        ],
        [
            1.0,
            1.0,
            1.0,
            1.0,
            1.0,
            1.0
        ],
        [
            1.0,
            1.0,
            1.0,
            1.0,
            1.0,
            1.0
        ],
        [
            1.0,
            1.0,
            1.0,
            1.0,
            1.0,
            1.0
        ],
        [
            1.0,
            1.0,
            1.0,
            1.0,
            1.0,
            1.0
        ],
        [
            1.0,
            1.0,
            1.0,
            1.0,
            1.0,
            1.0
        ]
    ],
    "avg_duration": [
        [
            651.27,
            599.53,
            663.14,
            629.05,
            570.89,
            572.11
        ],
        [
            638.575,
            611.125,
            605.27,
            626.48,
            570.315,
            569.405
        ],
        [
            634.37,
            610.335,
            652.32,
            626.94,
            572.31,
            570.84
        ],
        [
            640.6,
            629.87,
            648.94,
            625.65,
            573.31,
            572.32
        ],
        [
            637.33,
            631.72,
            650.64,
            627.39,
            574.63,
            570.34
        ],
        [
            638.42,
            629.85,
            649.0,
            627.76,
            571.13,
            570.7
        ]
    ],
    "avg_correct_rhymes": [
        [
            0.35294117647058826,
            0.5555555555555556,
            0.6388888888888888,
            0.7272727272727273,
            0.75,
            0.8333333333333334
        ],
        [
            0.3431372549019608,
            0.5,
            0.6066176470588236,
            0.7321428571428572,
            0.7083333333333333,
            0.849624060150376
        ],
        [
            0.3431372549019608,
            0.4444444444444444,
            0.625,
            0.7142857142857143,
            0.75,
            0.875
        ],
        [
            0.35294117647058826,
            0.4444444444444444,
            0.625,
            0.7142857142857143,
            0.75,
            0.875
        ],
        [
            0.35294117647058826,
            0.4444444444444444,
            0.625,
            0.7142857142857143,
            0.7777777777777778,
            0.875
        ],
        [
            0.35294117647058826,
            0.4444444444444444,
            0.625,
            0.7368421052631579,
            0.7777777777777778,
            0.875
        ]
    ],
    "avg_rhyme_word_length": [
        [
            2.4615384615384617,
            2.125,
            2.125,
            2.5,
            2.5,
            2.875
        ],
        [
            2.397435897435898,
            2.173611111111111,
            2.1714285714285717,
            2.4722222222222223,
            2.5,
            2.875
        ],
        [
            2.397435897435898,
            2.25,
            2.2,
            2.4444444444444446,
            2.5,
            2.8125
        ],
        [
            2.4615384615384617,
            2.25,
            2.142857142857143,
            2.4444444444444446,
            2.5,
            2.8125
        ],
        [
            2.4615384615384617,
            2.25,
            2.142857142857143,
            2.4444444444444446,
            2.5,
            2.8125
        ],
        [
            2.3333333333333335,
            2.25,
            2.142857142857143,
            2.4285714285714284,
            2.5,
            2.8125
        ]
    ],