{
    "avg_perplexities": [
        [
            1705.2262998088713,
            1517.379507580319,
            1436.4555059556037,
            1530.697823039556,
            1233.5176065108355,
            2637.119125521913
        ],
        [
            1630.5233828790726,
            1366.3380532172773,
            1488.2164730347638,
            1766.4935759430366,
            1249.4481897449614,
            2408.0194443683235
        ],
        [
            1492.646884931672,
            1509.9910247377693,
            1539.9774401139239,
            1803.1347924509357,
            1265.378772979087,
            2229.1259198034963
        ],
        [
            1555.820465949274,
            1436.4555059556037,
            1539.9774401139239,
            1803.1347924509357,
            1265.378772979087,
            2229.1259198034963
        ],
        [
            1555.820465949274,
            1436.4555059556037,
            1539.9774401139239,
            1803.1347924509357,
            1265.378772979087,
            2229.1259198034963
        ],
        [
            1555.820465949274,
            1436.4555059556037,
            1539.9774401139239,
            1803.1347924509357,
            1265.378772979087,
            2229.1259198034963
        ]
    ],
    "avg_perplexities_difference": [
        [
            1109.2706673837477,
            1231.441580488875,
            856.4996813741225,
            1090.276960115175,
            865.2533072502383,
            2393.7560411691666
        ],
        [
            1114.9528597492363,
            842.3759987918811,
            1105.9211984143938,
            1354.4932544920762,
            889.0368601095066,
            2203.3666208325603
        ],
        [
            1114.9528597492363,
            1041.8211560512411,
            1331.4798649379184,
            1417.1504725848927,
            920.8157196605907,
            1978.1116913192127
        ],
        [
            1120.635052114725,
            1165.0129927031846,
            1331.4798649379184,
            1417.1504725848927,
            920.8157196605907,
            1978.1116913192127
        ],
        [
            1120.635052114725,
            1165.0129927031846,
            1331.4798649379184,
            1417.1504725848927,
            920.8157196605907,
            1978.1116913192127
        ],
        [
            1120.635052114725,
            1165.0129927031846,
            1331.4798649379184,
            1417.1504725848927,
            920.8157196605907,
            1978.1116913192127
        ]
    ],
    "avg_syllable_differences": [
        [
            0.0,
            0.0,
            0.0,
            0.0,
            0.0,
            0.0
        ],
        [
            0.0,
            0.0,
            0.0,
            0.0,
            0.0,
            0.0
        ],
        [
            0.0,
            0.0,
            0.0,
            0.0,
            0.0,
            0.0
        ],
        [
            0.0,
            0.0,
            0.0,
            0.0,
            0.0,
            0.0
        ],
        [
            0.0,
            0.0,
            0.0,
            0.0,
            0.0,
            0.0
        ],
        [
            0.0,
            0.0,
            0.0,
            0.0,
            0.0,
            0.0
        ]
    ],
    "avg_mean_deviation_syllable_count": [
        [
            0.0,
            0.0,
            0.0,
            0.0,
            0.0,
            0.0
        ],
        [
            0.0,
            0.0,
            0.0,
            0.0,
            0.0,
            0.0
        ],
        [
            0.0,
            0.0,
            0.0,
            0.0,
            0.0,
            0.0
        ],
        [
            0.0,
            0.0,
            0.0,
            0.0,
            0.0,
            0.0
        ],
        [
            0.0,
            0.0,
            0.0,
            0.0,
            0.0,
            0.0
        ],
        [
            0.0,
            0.0,
            0.0,
            0.0,
            0.0,
            0.0
        ]
    ],
    "avg_correct_syllable_count": [
        [
            1.0,
            1.0,
            1.0,
            1.0,
            1.0,
            1.0
        ],
        [
            1.0,
            1.0,
            1.0,
            1.0,
            1.0,
            1.0
        ],
        [
            1.0,
            1.0,
            1.0,
            1.0,
            1.0,
            1.0
        ],
        [
            1.0,
            1.0,
            1.0,
            1.0,
            1.0,
            1.0
        ],
        [
            1.0,
            1.0,
            1.0,
            1.0,
            1.0,
            1.0
        ],
        [
            1.0,
            1.0,
            1.0,
            1.0,
            1.0,
            1.0
        ]
    ],
    "avg_duration": [
        [
            651.27,
            599.53,
            663.14,
            629.05,
            570.89,
            572.11
        ],
        [
            638.575,
            611.125,
            605.27,
            626.48,
            570.315,
            569.405
        ],
        [
            634.37,
            610.335,
            652.32,
            626.94,
            572.31,
            570.84
        ],
        [
            640.6,
            629.87,
            648.94,
            625.65,
            573.31,
            572.32
        ],
        [
            637.33,
            631.72,
            650.64,
            627.39,
            574.63,
            570.34
        ],
        [
            638.42,
            629.85,
            649.0,
            627.76,
            571.13,
            570.7
        ]
    ],
    "avg_correct_rhymes": [
        [
            0.35294117647058826,
            0.5555555555555556,
            0.6388888888888888,
            0.7272727272727273,
            0.75,
            0.8333333333333334
        ],
        [
            0.3431372549019608,
            0.5,
            0.6066176470588236,
            0.7321428571428572,
            0.7083333333333333,
            0.849624060150376
        ],
        [
            0.3431372549019608,
            0.4444444444444444,
            0.625,
            0.7142857142857143,
            0.75,
            0.875
        ],
        [
            0.35294117647058826,
            0.4444444444444444,
            0.625,
            0.7142857142857143,
            0.75,
            0.875
        ],
        [
            0.35294117647058826,
            0.4444444444444444,
            0.625,
            0.7142857142857143,
            0.7777777777777778,
            0.875
        ],
        [
            0.35294117647058826,
            0.4444444444444444,
            0.625,
            0.7368421052631579,
            0.7777777777777778,
            0.875
        ]
    ],
    "avg_rhyme_word_length": [
        [
            2.4615384615384617,
            2.125,
            2.125,
            2.5,
            2.5,
            2.875
        ],
        [
            2.397435897435898,
            2.173611111111111,
            2.1714285714285717,
            2.4722222222222223,
            2.5,
            2.875
        ],
        [
            2.397435897435898,
            2.25,
            2.2,
            2.4444444444444446,
            2.5,
            2.8125
        ],
        [
            2.4615384615384617,
            2.25,
            2.142857142857143,
            2.4444444444444446,
            2.5,
            2.8125
        ],
        [
            2.4615384615384617,
            2.25,
            2.142857142857143,
            2.4444444444444446,
            2.5,
            2.8125
        ],
        [
            2.3333333333333335,
            2.25,
            2.142857142857143,
            2.4285714285714284,
            2.5,
            2.8125
        ]
    ],