{
    "avg_perplexities": [
        [
            363.84651947021484,
            386.58863067626953,
            376.2087097167969,
            820.0151824951172,
            3229.1465454101562,
            7127.3310546875
        ],
        [
            350.16419982910156,
            338.88360595703125,
            432.33385467529297,
            965.7298126220703,
            5319.2799072265625,
            7786.1722412109375
        ],
        [
            314.02630615234375,
            333.5002136230469,
            414.2111587524414,
            1908.2236938476562,
            5170.926025390625,
            8249.2724609375
        ],
        [
            302.2932434082031,
            429.1119842529297,
            386.9938278198242,
            1639.5422058105469,
            7165.550537109375,
            8107.525146484375
        ],
        [
            406.4054718017578,
            405.619140625,
            422.66993713378906,
            3197.9935302734375,
            7180.964111328125,
            8831.946044921875
        ],
        [
            370.26048278808594,
            413.6326446533203,
            404.67577362060547,
            3291.1097412109375,
            6461.4150390625,
            9906.85546875
        ]
    ],
    "avg_perplexities_difference": [
        [
            283.5897979736328,
            266.88549423217773,
            265.58129119873047,
            696.7266101837158,
            3146.901351928711,
            6976.225130081177
        ],
        [
            235.75403594970703,
            225.55418395996094,
            286.52758407592773,
            841.0214767456055,
            5214.371057510376,
            7659.5197830200195
        ],
        [
            203.24613571166992,
            210.67781734466553,
            276.3921661376953,
            1757.6415786743164,
            5046.21768951416,
            8184.929864883423
        ],
        [
            200.35324096679688,
            314.0239028930664,
            281.6126289367676,
            1529.5841960906982,
            7080.112981796265,
            7955.139488220215
        ],
        [
            281.5670623779297,
            296.6344566345215,
            332.5269470214844,
            3058.130687713623,
            7096.806289672852,
            8680.840120315552
        ],
        [
            257.2781410217285,
            276.8787078857422,
            309.64611434936523,
            3191.6408615112305,
            6328.645374298096,
            9833.681445121765
        ]
    ],
    "avg_syllable_differences": [
        [
            0.0,
            0.0,
            0.0,
            0.0,
            0.0,
            0.0
        ],
        [
            0.0,
            0.0,
            0.0,
            0.0,
            0.0,
            0.0
        ],
        [
            0.00847457627118644,
            0.024553571428571428,
            0.0,
            0.0,
            0.0,
            0.0
        ],
        [
            0.05405405405405406,
            0.0769041769041769,
            0.06252713851498046,
            0.0,
            0.0,
            0.0
        ],
        [
            0.0892034233048058,
            0.09075997813012575,
            0.08336951801997394,
            0.03063423645320197,
            0.0,
            0.0
        ],
        [
            0.1213235294117647,
            0.11050566695727987,
            0.16035714285714286,
            0.16294642857142858,
            0.2310850439882698,
            0.3182915057915058
        ]
    ],
    "avg_mean_deviation_syllable_count": [
        [
            0.0,
            0.0,
            0.0,
            0.0,
            0.0,
            0.0
        ],
        [
            0.0,
            0.0,
            0.0,
            0.0,
            0.0,
            0.0
        ],
        [
            0.016661878770468236,
            0.04797114158163264,
            0.0,
            0.0,
            0.0,
            0.0
        ],
        [
            0.10372534696859013,
            0.15029465918900775,
            0.11994775829974269,
            0.0,
            0.0,
            0.0
        ],
        [
            0.16883140522874424,
            0.17252822741321186,
            0.16159631691111037,
            0.06043478442209223,
            0.0,
            0.0
        ],
        [
            0.22791414359861584,
            0.2052117225483303,
            0.29643469387755084,
            0.3000538105867348,
            0.3827744859435336,
            0.5189831185342265
        ]
    ],
    "avg_correct_syllable_count": [
        [
            1.0,
            1.0,
            1.0,
            1.0,
            1.0,
            1.0
        ],
        [
            1.0,
            1.0,
            1.0,
            1.0,
            1.0,
            1.0
        ],
        [
            0.9919354838709677,
            0.9877232142857143,
            1.0,
            1.0,
            1.0,
            1.0
        ],
        [
            0.9695373339441136,
            0.964375,
            0.9737367021276595,
            1.0,
            1.0,
            1.0
        ],
        [
            0.9525648097076669,
            0.9477905569007263,
            0.9553982883475971,
            0.987471198156682,
            1.0,
            1.0
        ],
        [
            0.9368351063829787,
            0.9358270418668497,
            0.9142228739002932,
            0.915703781512605,
            0.8628526645768024,
            0.849624060150376
        ]
    ],
    "avg_duration": [
        [
            616.99,
            631.05,
            616.31,
            532.0350000000001,
            559.485,
            513.425
        ],
        [
            618.8299999999999,
            647.9549999999999,
            604.2149999999999,
            520.835,
            540.665,
            504.61
        ],
        [
            655.105,
            651.785,
            631.345,
            558.49,
            522.085,
            486.06
        ],
        [
            621.6949999999999,
            609.525,
            603.405,
            503.53999999999996,
            500.89,
            460.21
        ],
        [
            610.245,
            623.41,
            592.75,
            489.395,
            489.03999999999996,
            489.3
        ],
        [
            626.28,
            627.44,
            598.0450000000001,
            502.355,
            475.605,
            515.625
        ]
    ],
    "avg_correct_rhymes": [
        [
            0.29520697167755994,
            0.42810457516339867,
            0.2994652406417112,
            0.22252747252747251,
            0.05572755417956656,
            0.048611111111111105
        ],
        [
            0.3798076923076923,
            0.35185185185185186,
            0.27525252525252525,
            0.16228070175438597,
            0.05718954248366013,
            0.013888888888888888
        ],
        [
            0.3333333333333333,
            0.42592592592592593,
            0.2877984084880637,
            0.10727969348659003,
            0.07614942528735633,
            0.054093567251461985
        ],
        [
            0.3333333333333333,
            0.28594771241830064,
            0.24727668845315903,
            0.1213235294117647,
            0.032407407407407406,
            0.03807471264367816
        ],
        [
            0.30439814814814814,
            0.367003367003367,
            0.3390804597701149,
            0.10727969348659003,
            0.058823529411764705,
            0.049516908212560384
        ],
        [
            0.32291666666666663,
            0.32456140350877194,
            0.20202020202020202,
            0.08834586466165413,
            0.035759897828863345,
            0.05263157894736842
        ]
    ],