{
    "avg_correct_paragraphs": 0.8472222222222222,
    "avg_correct_lines": 0.9709090909090909,
    "avg_perplexities": 111.83847427368164,
    "avg_perplexities_difference": -0.4320793151855469,
    "avg_syllable_differences": 1.1022012578616351,
    "avg_mean_deviation_syllable_count": 0.9611214933423939,
    "avg_correct_syllable_count": 0.46875,
    "avg_duration": 156.82392072677612,
    "avg_correct_rhymes": 0.6805555555555556,
    "avg_rhyme_word_length": 1.6666666666666667,
    "avg_pos_similarity": 0.8572057014274539,
    "avg_mean_deviation_pos_similarity": 0.11879204018509974,
    "avg_correct_pos_lines": 0.38283699059561127,
    "avg_overlap": 0.5493219086122887,
    "avg_repetition_difference": 0.009663868504244028
}