{
    "avg_perplexities": [
        295.09606170654297,
        311.35169219970703,
        377.6635971069336,
        386.3832321166992,
        386.3832321166992,
        386.3832321166992
    ],
    "avg_perplexities_difference": [
        182.67185974121094,
        227.76168823242188,
        254.69198894500732,
        254.69198894500732,
        254.69198894500732,
        254.69198894500732
    ],
    "avg_syllable_differences": [
        0.16658266129032256,
        0.06448275862068965,
        0.0,
        0.0,
        0.0,
        0.0
    ],
    "avg_mean_deviation_syllable_count": [
        0.302860921973618,
        0.12299833531510093,
        0.0,
        0.0,
        0.0,
        0.0
    ],
    "avg_correct_syllable_count": [
        0.9014008620689655,
        0.9618181818181818,
        1.0,
        1.0,
        1.0,
        1.0
    ],
    "avg_duration": [
        291.73,
        286.48,
        302.0,
        304.78,
        304.29499999999996,
        304.46
    ],
    "avg_correct_rhymes": [
        0.10427807486631016,
        0.23358585858585856,
        0.21455938697318006,
        0.21455938697318006,
        0.21455938697318006,
        0.21455938697318006
    ],
    "avg_rhyme_word_length": [
        1.0,
        1.0294117647058822,
        1.1838235294117647,
        1.0,
        1.0,
        1.0
    ],
    "avg_pos_similarity": [
        0.6720091591678883,
        0.7185956136396112,
        0.6844995226366672,
        0.7050460266628638,
        0.7050460266628638,
        0.7050460266628638
    ],
    "avg_mean_deviation_pos_similarity": [
        0.1246554840657261,
        0.12749730087354136,
        0.1288523196567407,
        0.12476451471307395,
        0.12476451471307395,
        0.12476451471307395
    ],
    "avg_correct_pos_lines": [
        0.05857385398981324,
        0.1213235294117647,
        0.12245989304812833,
        0.12245989304812833,
        0.12245989304812833,
        0.12245989304812833
    ],
    "avg_overlap": [
        0.20512820512820512,
        0.24002600615503844,
        0.21937881937881937,
        0.21463233735961007,
        0.21463233735961007,
        0.21463233735961007
    ],
    "avg_repetition_difference": [
        0.057554222896381874,
        0.05399305267702162,
        0.05399305267702162,
        0.05663508081567603,
        0.05663508081567603,
        0.05663508081567603
    ],
    "good_beamscore_multipliers_syllable": [
        0.2,
        0.4,
        0.6,
        0.8,
        0.9,
        0.99
    ]
}