{
    "avg_correct_paragraphs": 1.0,
    "avg_correct_lines": 1.0,
    "avg_perplexities": 111.65030670166016,
    "avg_perplexities_difference": 10.735876083374023,
    "avg_syllable_differences": 0.740080506037953,
    "avg_mean_deviation_syllable_count": 0.8389156109697162,
    "avg_correct_syllable_count": 0.6350412505427703,
    "avg_duration": 29.518925309181213,
    "avg_correct_rhymes": 0.8268365817091454,
    "avg_rhyme_word_length": 1.4226190476190477,
    "avg_pos_similarity": 0.9423922389156574,
    "avg_mean_deviation_pos_similarity": 0.07842920460616895,
    "avg_correct_pos_lines": 0.6644886363636364,
    "avg_overlap": 0.7063480864807237,
    "avg_repetition_difference": 0.0005381205874781525
}