{
    "avg_perplexities": [
        552.3859252929688,
        771.376220703125,
        1595.96630859375
    ],
    "avg_perplexities_difference": [
        440.4278450012207,
        600.0918350219727,
        1466.4791526794434
    ],
    "avg_syllable_differences": [
        0.0,
        0.0,
        0.0
    ],
    "avg_mean_deviation_syllable_count": [
        0.0,
        0.0,
        0.0
    ],
    "avg_correct_syllable_count": [
        1.0,
        1.0,
        1.0
    ],
    "avg_duration": [
        995.39,
        1144.32,
        1061.355
    ],
    "avg_correct_rhymes": [
        0.8759590792838874,
        0.9285714285714286,
        0.898989898989899
    ],
    "avg_rhyme_word_length": [
        2.5166666666666666,
        2.5555555555555554,
        2.482142857142857
    ],
    "avg_pos_similarity": [
        0.7478275752903909,
        0.6676140143133052,
        0.6670063288132222
    ],
    "avg_mean_deviation_pos_similarity": [
        0.12573428747635568,
        0.09173210054710072,
        0.08701723829853933
    ],
    "avg_correct_pos_lines": [
        0.14275608375778154,
        0.02127659574468085,
        0.027587450414713305
    ],
    "avg_overlap": [
        0.27294248711878566,
        0.05396825396825397,
        0.029872307033813668
    ],
    "avg_repetition_difference": [
        0.004492981847054794,
        0.08799342105263158,
        -0.01996860395579081
    ],
    "possible_prompts": [
        1,
        2,
        3
    ]
}