{
    "avg_perplexities": [
        [
            370.81175231933594,
            391.98779296875,
            370.02591705322266,
            404.8575439453125,
            351.5167922973633,
            437.0638885498047
        ],
        [
            370.81175231933594,
            430.84766387939453,
            373.8985137939453,
            404.8575439453125,
            351.5167922973633,
            437.0638885498047
        ],
        [
            369.4931182861328,
            430.84766387939453,
            373.8985137939453,
            404.8575439453125,
            351.5167922973633,
            437.0638885498047
        ],
        [
            370.81175231933594,
            428.6426696777344,
            346.3227081298828,
            362.9814453125,
            350.55316162109375,
            425.8004455566406
        ],
        [
            370.81175231933594,
            430.84766387939453,
            373.8985137939453,
            404.8575439453125,
            351.5167922973633,
            437.0638885498047
        ],
        [
            370.81175231933594,
            430.84766387939453,
            373.8985137939453,
            404.8575439453125,
            351.5167922973633,
            437.0638885498047
        ]
    ],
    "avg_perplexities_difference": [
        [
            256.12248039245605,
            281.95345878601074,
            259.76932525634766,
            298.0653133392334,
            266.5993366241455,
            365.79895782470703
        ],
        [
            256.12248039245605,
            321.86932373046875,
            275.73613929748535,
            298.0653133392334,
            257.23043632507324,
            365.79895782470703
        ],
        [
            252.07994842529297,
            314.2009506225586,
            269.8239860534668,
            298.0653133392334,
            257.23043632507324,
            365.79895782470703
        ],
        [
            256.12248039245605,
            304.4624328613281,
            241.47640228271484,
            293.6784477233887,
            253.45889282226562,
            347.40907287597656
        ],
        [
            256.12248039245605,
            314.2009506225586,
            275.73613929748535,
            298.0653133392334,
            257.23043632507324,
            365.79895782470703
        ],
        [
            256.12248039245605,
            314.2009506225586,
            275.73613929748535,
            298.0653133392334,
            257.23043632507324,
            365.79895782470703
        ]
    ],
    "avg_syllable_differences": [
        [
            0.0,
            0.0,
            0.0,
            0.0,
            0.0,
            0.0
        ],
        [
            0.0,
            0.0,
            0.0,
            0.0,
            0.0,
            0.0
        ],
        [
            0.0,
            0.0,
            0.0,
            0.0,
            0.0,
            0.0
        ],
        [
            0.0,
            0.0,
            0.0,
            0.0,
            0.0,
            0.0
        ],
        [
            0.0,
            0.0,
            0.0,
            0.0,
            0.0,
            0.0
        ],
        [
            0.0,
            0.0,
            0.0,
            0.0,
            0.0,
            0.0
        ]
    ],
    "avg_mean_deviation_syllable_count": [
        [
            0.0,
            0.0,
            0.0,
            0.0,
            0.0,
            0.0
        ],
        [
            0.0,
            0.0,
            0.0,
            0.0,
            0.0,
            0.0
        ],
        [
            0.0,
            0.0,
            0.0,
            0.0,
            0.0,
            0.0
        ],
        [
            0.0,
            0.0,
            0.0,
            0.0,
            0.0,
            0.0
        ],
        [
            0.0,
            0.0,
            0.0,
            0.0,
            0.0,
            0.0
        ],
        [
            0.0,
            0.0,
            0.0,
            0.0,
            0.0,
            0.0
        ]
    ],
    "avg_correct_syllable_count": [
        [
            1.0,
            1.0,
            1.0,
            1.0,
            1.0,
            1.0
        ],
        [
            1.0,
            1.0,
            1.0,
            1.0,
            1.0,
            1.0
        ],
        [
            1.0,
            1.0,
            1.0,
            1.0,
            1.0,
            1.0
        ],
        [
            1.0,
            1.0,
            1.0,
            1.0,
            1.0,
            1.0
        ],
        [
            1.0,
            1.0,
            1.0,
            1.0,
            1.0,
            1.0
        ],
        [
            1.0,
            1.0,
            1.0,
            1.0,
            1.0,
            1.0
        ]
    ],
    "avg_duration": [
        [
            593.97,
            576.69,
            568.9549999999999,
            566.685,
            531.36,
            545.4649999999999
        ],
        [
            559.67,
            581.44,
            569.825,
            569.5550000000001,
            537.435,
            543.78
        ],
        [
            535.735,
            579.99,
            539.415,
            567.75,
            535.35,
            543.11
        ],
        [
            561.98,
            628.51,
            459.74,
            576.84,
            554.7,
            545.74
        ],
        [
            560.505,
            577.88,
            568.255,
            572.77,
            536.73,
            548.76
        ],
        [
            564.19,
            575.54,
            569.39,
            569.8399999999999,
            537.965,
            543.845
        ]
    ],
    "avg_correct_rhymes": [
        [
            0.49145299145299143,
            0.5811403508771931,
            0.5587044534412955,
            0.6656346749226006,
            0.688259109311741,
            0.7740471869328494
        ],
        [
            0.49145299145299143,
            0.5811403508771931,
            0.575187969924812,
            0.6656346749226006,
            0.688259109311741,
            0.7740471869328494
        ],
        [
            0.5192307692307692,
            0.5811403508771931,
            0.5587044534412955,
            0.6656346749226006,
            0.688259109311741,
            0.7740471869328494
        ],
        [
            0.49145299145299143,
            0.5789473684210527,
            0.5789473684210527,
            0.6842105263157895,
            0.6923076923076923,
            0.7894736842105263
        ],
        [
            0.49145299145299143,
            0.5811403508771931,
            0.5587044534412955,
            0.6656346749226006,
            0.688259109311741,
            0.7740471869328494
        ],
        [
            0.49145299145299143,
            0.5811403508771931,
            0.5587044534412955,
            0.6656346749226006,
            0.688259109311741,
            0.7740471869328494
        ]
    ],