{
    "avg_perplexities": [
        [
            1212.9243211866622,
            1487.7683166465977,
            1147.6242667015185,
            1964.615671737774,
            1857.4461069545018,
            1507.3974140685891
        ],
        [
            1212.9243211866622,
            1487.7683166465977,
            1358.0537344868085,
            1847.0016074370126,
            1638.385901194877,
            1652.6710680708793
        ],
        [
            1212.9243211866622,
            1487.7683166465977,
            1349.4020611842734,
            1847.0016074370126,
            1638.385901194877,
            1652.6710680708793
        ],
        [
            1212.9243211866622,
            1477.7334726853803,
            1218.3043083658024,
            1894.2715646898425,
            1496.819473988301,
            1646.9605014904125
        ],
        [
            1264.5362597317599,
            1487.7683166465977,
            1388.606307656214,
            1847.0016074370126,
            1638.385901194877,
            1652.6710680708793
        ],
        [
            1264.5362597317599,
            1487.7683166465977,
            1561.35806669645,
            1847.0016074370126,
            1638.385901194877,
            1652.6710680708793
        ]
    ],
    "avg_perplexities_difference": [
        [
            877.6839622052883,
            1057.1581177705405,
            877.6839622052883,
            1624.9998790637867,
            1540.2946173851951,
            1286.626456308482
        ],
        [
            877.6839622052883,
            1057.1581177705405,
            970.3177209961484,
            1547.6817004661682,
            1339.065994224033,
            1373.4933175911774
        ],
        [
            877.6839622052883,
            1057.1581177705405,
            917.1729743989367,
            1547.6817004661682,
            1339.065994224033,
            1373.4933175911774
        ],
        [
            877.6839622052883,
            1104.509502351284,
            1009.8067331897969,
            1608.3336375983986,
            1210.8815468968573,
            1361.0225743989686
        ],
        [
            949.7556280848628,
            1057.1581177705405,
            970.3177209961484,
            1547.6817004661682,
            1339.065994224033,
            1373.4933175911774
        ],
        [
            949.7556280848628,
            1057.1581177705405,
            1141.3885565224894,
            1547.6817004661682,
            1339.065994224033,
            1373.4933175911774
        ]
    ],
    "avg_syllable_differences": [
        [
            0.0,
            0.0,
            0.0,
            0.0,
            0.0,
            0.0
        ],
        [
            0.0,
            0.0,
            0.0,
            0.0,
            0.0,
            0.0
        ],
        [
            0.0,
            0.0,
            0.0,
            0.0,
            0.0,
            0.0
        ],
        [
            0.0,
            0.0,
            0.0,
            0.0,
            0.0,
            0.0
        ],
        [
            0.0,
            0.0,
            0.0,
            0.0,
            0.0,
            0.0
        ],
        [
            0.0,
            0.0,
            0.0,
            0.0,
            0.0,
            0.0
        ]
    ],
    "avg_mean_deviation_syllable_count": [
        [
            0.0,
            0.0,
            0.0,
            0.0,
            0.0,
            0.0
        ],
        [
            0.0,
            0.0,
            0.0,
            0.0,
            0.0,
            0.0
        ],
        [
            0.0,
            0.0,
            0.0,
            0.0,
            0.0,
            0.0
        ],
        [
            0.0,
            0.0,
            0.0,
            0.0,
            0.0,
            0.0
        ],
        [
            0.0,
            0.0,
            0.0,
            0.0,
            0.0,
            0.0
        ],
        [
            0.0,
            0.0,
            0.0,
            0.0,
            0.0,
            0.0
        ]
    ],
    "avg_correct_syllable_count": [
        [
            1.0,
            1.0,
            1.0,
            1.0,
            1.0,
            1.0
        ],
        [
            1.0,
            1.0,
            1.0,
            1.0,
            1.0,
            1.0
        ],
        [
            1.0,
            1.0,
            1.0,
            1.0,
            1.0,
            1.0
        ],
        [
            1.0,
            1.0,
            1.0,
            1.0,
            1.0,
            1.0
        ],
        [
            1.0,
            1.0,
            1.0,
            1.0,
            1.0,
            1.0
        ],
        [
            1.0,
            1.0,
            1.0,
            1.0,
            1.0,
            1.0
        ]
    ],
    "avg_duration": [
        [
            593.97,
            576.69,
            568.9549999999999,
            566.685,
            531.36,
            545.4649999999999
        ],
        [
            559.67,
            581.44,
            569.825,
            569.5550000000001,
            537.435,
            543.78
        ],
        [
            535.735,
            579.99,
            539.415,
            567.75,
            535.35,
            543.11
        ],
        [
            561.98,
            628.51,
            459.74,
            576.84,
            554.7,
            545.74
        ],
        [
            560.505,
            577.88,
            568.255,
            572.77,
            536.73,
            548.76
        ],
        [
            564.19,
            575.54,
            569.39,
            569.8399999999999,
            537.965,
            543.845
        ]
    ],
    "avg_correct_rhymes": [
        [
            0.49145299145299143,
            0.5811403508771931,
            0.5587044534412955,
            0.6656346749226006,
            0.688259109311741,
            0.7740471869328494
        ],
        [
            0.49145299145299143,
            0.5811403508771931,
            0.575187969924812,
            0.6656346749226006,
            0.688259109311741,
            0.7740471869328494
        ],
        [
            0.5192307692307692,
            0.5811403508771931,
            0.5587044534412955,
            0.6656346749226006,
            0.688259109311741,
            0.7740471869328494
        ],
        [
            0.49145299145299143,
            0.5789473684210527,
            0.5789473684210527,
            0.6842105263157895,
            0.6923076923076923,
            0.7894736842105263
        ],
        [
            0.49145299145299143,
            0.5811403508771931,
            0.5587044534412955,
            0.6656346749226006,
            0.688259109311741,
            0.7740471869328494
        ],
        [
            0.49145299145299143,
            0.5811403508771931,
            0.5587044534412955,
            0.6656346749226006,
            0.688259109311741,
            0.7740471869328494
        ]
    ],