{
    "good_beamscore_multipliers_syllable": [
        0.2,
        0.4,
        0.6,
        0.8,
        0.9,
        0.99
    ],
    "avg_perplexities": [
        1669.5789266955933,
        2909.950450526402,
        2236.022068852679,
        1809.52896028038,
        1809.52896028038,
        1809.5289602803794
    ],
    "avg_syllable_differences": [
        0.2702013582693746,
        0.14527055337293043,
        0.1156710651704912,
        0.1053854371806258,
        0.1053854371806258,
        0.1053854371806258
    ],
    "avg_mean_deviation_syllable_count": [
        0.44410599618335506,
        0.2480391263764591,
        0.19472231322836223,
        0.17589058400766835,
        0.17589058400766835,
        0.17589058400766835
    ],
    "avg_correct_syllable_count": [
        0.884369090356935,
        0.9571770188038695,
        0.9722498278129199,
        0.9779028458894853,
        0.9779028458894853,
        0.9779028458894853
    ]
}