{
    "avg_perplexities": [
        450.8447265625,
        333.79669189453125,
        239.44683074951172
    ],
    "avg_perplexities_difference": [
        324.6956024169922,
        234.01242065429688,
        139.94914627075195
    ],
    "avg_syllable_differences": [
        0.0,
        0.0,
        0.0
    ],
    "avg_mean_deviation_syllable_count": [
        0.0,
        0.0,
        0.0
    ],
    "avg_correct_syllable_count": [
        1.0,
        1.0,
        1.0
    ],
    "avg_duration": [
        1741.045,
        1878.27,
        1748.52
    ],
    "avg_correct_rhymes": [
        0.9583333333333334,
        0.8823529411764706,
        0.8823529411764706
    ],
    "avg_rhyme_word_length": [
        2.5527272727272727,
        2.533333333333333,
        2.4907407407407405
    ],
    "avg_pos_similarity": [
        0.761983893838946,
        0.6913948238605281,
        0.6727820536526778
    ],
    "avg_mean_deviation_pos_similarity": [
        0.12946016805957003,
        0.10653147193373426,
        0.07915947480775037
    ],
    "avg_correct_pos_lines": [
        0.17365679824561403,
        0.05405405405405406,
        0.0186786579038395
    ],
    "avg_overlap": [
        0.25426356589147286,
        0.10862619808306709,
        0.07759728876942854
    ],
    "avg_repetition_difference": [
        0.014292504315811777,
        0.14545454545454548,
        0.1362980709160675
    ],
    "possible_prompts": [
        1,
        2,
        3
    ]
}