{
    "avg_perplexities": [
        200.07383728027344,
        212.8423728942871,
        217.23132705688477,
        217.23132705688477,
        217.23132705688477,
        217.23132705688477
    ],
    "avg_perplexities_difference": [
        111.80797576904297,
        125.09254264831543,
        117.71552658081055,
        117.71552658081055,
        117.71552658081055,
        117.71552658081055
    ],
    "avg_syllable_differences": [
        0.09789540816326531,
        0.013392857142857142,
        0.0,
        0.0,
        0.0,
        0.0
    ],
    "avg_mean_deviation_syllable_count": [
        0.18306642251926278,
        0.026546556122448987,
        0.0,
        0.0,
        0.0,
        0.0
    ],
    "avg_correct_syllable_count": [
        0.9270391949152542,
        0.9955357142857143,
        1.0,
        1.0,
        1.0,
        1.0
    ],
    "avg_duration": [
        277.355,
        275.61,
        276.975,
        280.88,
        274.57,
        278.23
    ],
    "avg_correct_rhymes": [
        0.2048611111111111,
        0.22252747252747251,
        0.22252747252747251,
        0.22252747252747251,
        0.22252747252747251,
        0.22252747252747251
    ],
    "avg_rhyme_word_length": [
        1.2,
        1.0,
        1.0,
        1.0,
        1.0,
        1.0
    ],
    "avg_pos_similarity": [
        0.6666274610748824,
        0.6466205633446908,
        0.6466205633446908,
        0.6466205633446908,
        0.6466205633446908,
        0.6466205633446908
    ],
    "avg_mean_deviation_pos_similarity": [
        0.12403737793232605,
        0.11299862516085205,
        0.1153157102594236,
        0.1153157102594236,
        0.1153157102594236,
        0.1153157102594236
    ],
    "avg_correct_pos_lines": [
        0.07789190511127414,
        0.06252713851498046,
        0.06382978723404255,
        0.06382978723404255,
        0.06382978723404255,
        0.06382978723404255
    ],
    "avg_overlap": [
        0.23663623200064354,
        0.1771301211378794,
        0.1779710733545432,
        0.1779710733545432,
        0.1779710733545432,
        0.1779710733545432
    ],
    "avg_repetition_difference": [
        0.11879808747398257,
        0.12172056206505048,
        0.11636787032681231,
        0.11636787032681231,
        0.11636787032681231,
        0.11636787032681231
    ],
    "good_beamscore_multipliers_syllable": [
        0.2,
        0.4,
        0.6,
        0.8,
        0.9,
        0.99
    ]
}