{
    "avg_perplexities": [
        289.3099365234375,
        369.52894592285156,
        446.23582458496094
    ],
    "avg_perplexities_difference": [
        166.09022331237793,
        250.0235948562622,
        326.3193359375
    ],
    "avg_syllable_differences": [
        0.0,
        0.0,
        0.0
    ],
    "avg_mean_deviation_syllable_count": [
        0.0,
        0.0,
        0.0
    ],
    "avg_correct_syllable_count": [
        1.0,
        1.0,
        1.0
    ],
    "avg_duration": [
        466.97,
        437.095,
        1294.4
    ],
    "avg_correct_rhymes": [
        0.6656346749226006,
        0.7437275985663083,
        0.780952380952381
    ],
    "avg_rhyme_word_length": [
        2.653846153846154,
        2.8864285714285716,
        2.8814102564102564
    ],
    "avg_pos_similarity": [
        0.6438024216509821,
        0.6756397754896274,
        0.707236467111269
    ],
    "avg_mean_deviation_pos_similarity": [
        0.12778146424587306,
        0.13111297431052987,
        0.1350014709793675
    ],
    "avg_correct_pos_lines": [
        0.03945841392649903,
        0.06252713851498046,
        0.1433752417794971
    ],
    "avg_overlap": [
        0.20519725257185226,
        0.19250200481154772,
        0.2678333776949694
    ],
    "avg_repetition_difference": [
        0.06671233293023823,
        0.045781839983050854,
        0.0429873849695003
    ],
    "possible_rhyming_types": [
        "perfect",
        "near",
        "assonant"
    ]
}