{
    "good_beamscore_multipliers_syllable": [
        0.2,
        0.4,
        0.6,
        0.8,
        0.9,
        0.99
    ],
    "avg_perplexities": [
        1454.4054051147482,
        3417.7105868092563,
        1844.6415334756894,
        1575.541822228581,
        1575.5418222285812,
        1575.5418222285812
    ],
    "avg_syllable_differences": [
        0.19065700032702085,
        0.13061364927117056,
        0.10875625919364154,
        0.1027538582332574,
        0.10275385823325738,
        0.1027538582332574
    ],
    "avg_mean_deviation_syllable_count": [
        0.3112140861417639,
        0.22425004750180974,
        0.18538136112746034,
        0.1736745175256739,
        0.1736745175256739,
        0.1736745175256739
    ],
    "avg_correct_syllable_count": [
        0.9223530145186973,
        0.9633011264479816,
        0.9770230202750291,
        0.9805344248368536,
        0.9805344248368536,
        0.9805344248368536
    ]
}