{
    "avg_perplexities": [
        344.67830657958984,
        370.6529846191406,
        405.8447952270508
    ],
    "avg_perplexities_difference": [
        269.70927810668945,
        291.082727432251,
        320.4768695831299
    ],
    "avg_syllable_differences": [
        0.0,
        0.0,
        0.0
    ],
    "avg_mean_deviation_syllable_count": [
        0.0,
        0.0,
        0.0
    ],
    "avg_correct_syllable_count": [
        1.0,
        1.0,
        1.0
    ],
    "avg_duration": [
        1136.9699999999998,
        1161.99,
        1622.7150000000001
    ],
    "avg_correct_rhymes": [
        0.7638888888888888,
        0.5147058823529411,
        0.2792207792207792
    ],
    "avg_rhyme_word_length": [
        2.454044117647059,
        2.7,
        2.3571428571428568
    ],
    "avg_pos_similarity": [
        0.7659181517633589,
        0.7259555229214574,
        0.761530856241465
    ],
    "avg_mean_deviation_pos_similarity": [
        0.12911331796097913,
        0.13780772215254292,
        0.12439363236458326
    ],
    "avg_correct_pos_lines": [
        0.218475073313783,
        0.1461100569259962,
        0.17961876832844575
    ],
    "avg_overlap": [
        0.34584299365127513,
        0.2636790941138767,
        0.36747569370520194
    ],
    "avg_repetition_difference": [
        0.02487707752159013,
        0.006642268653747174,
        0.0031719346235475065
    ],
    "possible_rhyming_types": [
        "perfect",
        "near",
        "assonant"
    ]
}