{
    "avg_perplexities": [
        [
            244.33040618896484,
            257.3934555053711,
            275.05418395996094,
            301.3484115600586,
            288.2741928100586,
            279.92445373535156
        ],
        [
            257.3934555053711,
            257.3934555053711,
            275.05418395996094,
            265.2171630859375,
            288.2741928100586,
            279.92445373535156
        ],
        [
            270.6162567138672,
            257.3934555053711,
            283.6493377685547,
            265.2171630859375,
            288.2741928100586,
            279.92445373535156
        ],
        [
            270.6162567138672,
            257.3934555053711,
            283.6493377685547,
            265.2171630859375,
            285.6234893798828,
            279.92445373535156
        ],
        [
            270.6162567138672,
            257.3934555053711,
            283.6493377685547,
            265.2171630859375,
            288.2741928100586,
            279.92445373535156
        ],
        [
            270.6162567138672,
            257.3934555053711,
            283.6493377685547,
            265.2171630859375,
            288.2741928100586,
            279.92445373535156
        ]
    ],
    "avg_perplexities_difference": [
        [
            154.59020233154297,
            165.028959274292,
            172.5666275024414,
            170.80507278442383,
            171.23063278198242,
            178.4640007019043
        ],
        [
            169.24090957641602,
            165.028959274292,
            172.5666275024414,
            165.65207290649414,
            171.23063278198242,
            178.4640007019043
        ],
        [
            169.24090957641602,
            165.028959274292,
            178.8137969970703,
            165.65207290649414,
            171.23063278198242,
            178.4640007019043
        ],
        [
            169.24090957641602,
            165.028959274292,
            178.8137969970703,
            165.65207290649414,
            171.23063278198242,
            178.4640007019043
        ],
        [
            169.24090957641602,
            165.028959274292,
            178.8137969970703,
            165.65207290649414,
            171.23063278198242,
            178.4640007019043
        ],
        [
            169.24090957641602,
            165.028959274292,
            178.8137969970703,
            167.54407119750977,
            171.23063278198242,
            178.4640007019043
        ]
    ],
    "avg_syllable_differences": [
        [
            0.0,
            0.0,
            0.0,
            0.0,
            0.0,
            0.0
        ],
        [
            0.0,
            0.0,
            0.0,
            0.0,
            0.0,
            0.0
        ],
        [
            0.0,
            0.0,
            0.0,
            0.0,
            0.0,
            0.0
        ],
        [
            0.0,
            0.0,
            0.0,
            0.0,
            0.0,
            0.0
        ],
        [
            0.0,
            0.0,
            0.0,
            0.0,
            0.0,
            0.0
        ],
        [
            0.0,
            0.0,
            0.0,
            0.0,
            0.0,
            0.0
        ]
    ],
    "avg_mean_deviation_syllable_count": [
        [
            0.0,
            0.0,
            0.0,
            0.0,
            0.0,
            0.0
        ],
        [
            0.0,
            0.0,
            0.0,
            0.0,
            0.0,
            0.0
        ],
        [
            0.0,
            0.0,
            0.0,
            0.0,
            0.0,
            0.0
        ],
        [
            0.0,
            0.0,
            0.0,
            0.0,
            0.0,
            0.0
        ],
        [
            0.0,
            0.0,
            0.0,
            0.0,
            0.0,
            0.0
        ],
        [
            0.0,
            0.0,
            0.0,
            0.0,
            0.0,
            0.0
        ]
    ],
    "avg_correct_syllable_count": [
        [
            1.0,
            1.0,
            1.0,
            1.0,
            1.0,
            1.0
        ],
        [
            1.0,
            1.0,
            1.0,
            1.0,
            1.0,
            1.0
        ],
        [
            1.0,
            1.0,
            1.0,
            1.0,
            1.0,
            1.0
        ],
        [
            1.0,
            1.0,
            1.0,
            1.0,
            1.0,
            1.0
        ],
        [
            1.0,
            1.0,
            1.0,
            1.0,
            1.0,
            1.0
        ],
        [
            1.0,
            1.0,
            1.0,
            1.0,
            1.0,
            1.0
        ]
    ],
    "avg_duration": [
        [
            344.365,
            474.985,
            476.99,
            498.20500000000004,
            452.66499999999996,
            404.70000000000005
        ],
        [
            452.17499999999995,
            476.075,
            475.365,
            496.45000000000005,
            467.255,
            414.175
        ],
        [
            426.24,
            450.64,
            449.6,
            486.33000000000004,
            433.16999999999996,
            391.405
        ],
        [
            413.53999999999996,
            446.37,
            452.87,
            487.12,
            429.275,
            380.44
        ],
        [
            413.705,
            444.605,
            447.58000000000004,
            486.88,
            426.505,
            380.225
        ],
        [
            414.83000000000004,
            444.82000000000005,
            448.34000000000003,
            484.28999999999996,
            427.89,
            380.03999999999996
        ]
    ],
    "avg_correct_rhymes": [
        [
            0.47737068965517243,
            0.4409722222222222,
            0.5355392156862745,
            0.5603070175438596,
            0.6858552631578947,
            0.797979797979798
        ],
        [
            0.5294540229885057,
            0.4409722222222222,
            0.5649509803921569,
            0.5986590038314177,
            0.6858552631578947,
            0.797979797979798
        ],
        [
            0.5294540229885057,
            0.4409722222222222,
            0.5208333333333333,
            0.6112852664576802,
            0.6858552631578947,
            0.797979797979798
        ],
        [
            0.5294540229885057,
            0.4409722222222222,
            0.5208333333333333,
            0.6112852664576802,
            0.6754385964912281,
            0.797979797979798
        ],
        [
            0.5294540229885057,
            0.4409722222222222,
            0.5208333333333333,
            0.6112852664576802,
            0.6858552631578947,
            0.797979797979798
        ],
        [
            0.5294540229885057,
            0.4409722222222222,
            0.5208333333333333,
            0.6112852664576802,
            0.6858552631578947,
            0.797979797979798
        ]
    ],