{
    "good_beamscore_multipliers_syllable": [
        0.2,
        0.4,
        0.6,
        0.8,
        0.9,
        0.99
    ],
    "avg_perplexities": [
        1599.557431104929,
        2132.5568844617883,
        2194.1536598647845,
        2194.1536598647845,
        2194.1536598647845,
        2194.153659864784
    ],
    "avg_syllable_differences": [
        0.21936139392380283,
        0.12784567093325472,
        0.10275385823325738,
        0.10275385823325738,
        0.10275385823325738,
        0.10275385823325738
    ],
    "avg_mean_deviation_syllable_count": [
        0.37450926136004387,
        0.21650572997419415,
        0.1736745175256739,
        0.1736745175256739,
        0.1736745175256739,
        0.1736745175256739
    ],
    "avg_correct_syllable_count": [
        0.9170167283277847,
        0.9693656234726378,
        0.9805344248368538,
        0.9805344248368536,
        0.9805344248368536,
        0.9805344248368536
    ]
}