{
    "avg_perplexities": 397.08094787597656,
    "avg_perplexities_difference": 271.3229389190674,
    "avg_syllable_differences": 0.0,
    "avg_mean_deviation_syllable_count": 0.0,
    "avg_correct_syllable_count": 1.0,
    "avg_duration": 2153.88,
    "avg_correct_rhymes": 0.9424342105263157,
    "avg_rhyme_word_length": 1.9722222222222223,
    "avg_pos_similarity": 0.8126325360690518,
    "avg_mean_deviation_pos_similarity": 0.11398186715182385,
    "avg_correct_pos_lines": 0.18643132928847217,
    "avg_overlap": 0.38592573130145386,
    "avg_repetition_difference": 0.00825127350780086
}