{
    "avg_perplexities": [
        413.4505157470703,
        444.96990966796875,
        557.10693359375
    ],
    "avg_perplexities_difference": [
        279.09834480285645,
        346.78076362609863,
        463.164345741272
    ],
    "avg_syllable_differences": [
        0.0,
        0.0,
        0.0
    ],
    "avg_mean_deviation_syllable_count": [
        0.0,
        0.0,
        0.0
    ],
    "avg_correct_syllable_count": [
        1.0,
        1.0,
        1.0
    ],
    "avg_duration": [
        514.675,
        531.35,
        975.525
    ],
    "avg_correct_rhymes": [
        0.797979797979798,
        0.7875939849624061,
        0.8082386363636364
    ],
    "avg_rhyme_word_length": [
        2.5047619047619047,
        2.738782051282051,
        2.9157801418439715
    ],
    "avg_pos_similarity": [
        0.7408507554502136,
        0.7235765377884067,
        0.730701037806571
    ],
    "avg_mean_deviation_pos_similarity": [
        0.1455844800014743,
        0.1266748650031177,
        0.13591491941212464
    ],
    "avg_correct_pos_lines": [
        0.14343360234776228,
        0.1083838940981798,
        0.11577364680153089
    ],
    "avg_overlap": [
        0.27372627372627373,
        0.24710249042145593,
        0.28042634057671656
    ],
    "avg_repetition_difference": [
        0.011779377237533695,
        0.008183632224552956,
        0.013468313727812847
    ],
    "possible_rhyming_types": [
        "perfect",
        "near",
        "assonant"
    ]
}