{
    "avg_perplexities": [
        [
            1237.083464844227,
            1140.4487413062175,
            1070.944732732773,
            1329.1349273531378,
            1700.7393403520455,
            1901.6114549529575
        ],
        [
            1237.083464844227,
            1140.4487413062175,
            1225.4281820058823,
            1211.0112465174666,
            1700.7393403520455,
            1901.6114549529575
        ],
        [
            1237.083464844227,
            1140.4487413062175,
            1225.4281820058823,
            1329.1349273531378,
            1700.7393403520455,
            2031.8307854802379
        ],
        [
            1237.083464844227,
            1140.4487413062175,
            1225.902196688472,
            1329.1349273531378,
            1700.7393403520455,
            2031.8307854802379
        ],
        [
            1237.083464844227,
            1140.4487413062175,
            1225.4281820058823,
            1329.1349273531378,
            2101.850146903987,
            2031.8307854802379
        ],
        [
            1237.083464844227,
            1140.4487413062175,
            1225.4281820058823,
            1329.1349273531378,
            2101.850146903987,
            2031.8307854802379
        ]
    ],
    "avg_perplexities_difference": [
        [
            971.3214473328057,
            864.6669045609468,
            895.0131936220413,
            1036.820473688102,
            1366.5522120707744,
            1445.0915455910467
        ],
        [
            971.3214473328057,
            864.6669045609468,
            946.4536903766875,
            989.2071206745209,
            1366.5522120707744,
            1445.0915455910467
        ],
        [
            971.3214473328057,
            864.6669045609468,
            946.4536903766875,
            1036.820473688102,
            1366.5522120707744,
            1445.0915455910467
        ],
        [
            971.3214473328057,
            864.6669045609468,
            946.4536903766875,
            1036.820473688102,
            1366.5522120707744,
            1445.0915455910467
        ],
        [
            971.3214473328057,
            864.6669045609468,
            946.4536903766875,
            1036.820473688102,
            1690.5515746791775,
            1445.0915455910467
        ],
        [
            971.3214473328057,
            864.6669045609468,
            946.4536903766875,
            1036.820473688102,
            1690.5515746791775,
            1445.0915455910467
        ]
    ],
    "avg_syllable_differences": [
        [
            0.0,
            0.0,
            0.0,
            0.0,
            0.0,
            0.0
        ],
        [
            0.0,
            0.0,
            0.0,
            0.0,
            0.0,
            0.0
        ],
        [
            0.0,
            0.0,
            0.0,
            0.0,
            0.0,
            0.0
        ],
        [
            0.0,
            0.0,
            0.0,
            0.0,
            0.0,
            0.0
        ],
        [
            0.0,
            0.0,
            0.0,
            0.0,
            0.0,
            0.0
        ],
        [
            0.0,
            0.0,
            0.0,
            0.0,
            0.0,
            0.0
        ]
    ],
    "avg_mean_deviation_syllable_count": [
        [
            0.0,
            0.0,
            0.0,
            0.0,
            0.0,
            0.0
        ],
        [
            0.0,
            0.0,
            0.0,
            0.0,
            0.0,
            0.0
        ],
        [
            0.0,
            0.0,
            0.0,
            0.0,
            0.0,
            0.0
        ],
        [
            0.0,
            0.0,
            0.0,
            0.0,
            0.0,
            0.0
        ],
        [
            0.0,
            0.0,
            0.0,
            0.0,
            0.0,
            0.0
        ],
        [
            0.0,
            0.0,
            0.0,
            0.0,
            0.0,
            0.0
        ]
    ],
    "avg_correct_syllable_count": [
        [
            1.0,
            1.0,
            1.0,
            1.0,
            1.0,
            1.0
        ],
        [
            1.0,
            1.0,
            1.0,
            1.0,
            1.0,
            1.0
        ],
        [
            1.0,
            1.0,
            1.0,
            1.0,
            1.0,
            1.0
        ],
        [
            1.0,
            1.0,
            1.0,
            1.0,
            1.0,
            1.0
        ],
        [
            1.0,
            1.0,
            1.0,
            1.0,
            1.0,
            1.0
        ],
        [
            1.0,
            1.0,
            1.0,
            1.0,
            1.0,
            1.0
        ]
    ],
    "avg_duration": [
        [
            427.74,
            456.32,
            410.565,
            392.105,
            355.41499999999996,
            352.825
        ],
        [
            425.49,
            459.655,
            394.765,
            368.83000000000004,
            355.025,
            354.15999999999997
        ],
        [
            416.18,
            456.91499999999996,
            393.71000000000004,
            377.13,
            361.42999999999995,
            357.385
        ],
        [
            419.82,
            474.05,
            394.19,
            380.21500000000003,
            362.38,
            357.20000000000005
        ],
        [
            415.255,
            472.26,
            393.35,
            379.29,
            358.24,
            354.79999999999995
        ],
        [
            417.08000000000004,
            457.39,
            397.95,
            379.485,
            359.455,
            354.96500000000003
        ]
    ],
    "avg_correct_rhymes": [
        [
            0.5450928381962865,
            0.5721583652618135,
            0.5861344537815126,
            0.7370689655172413,
            0.7071078431372549,
            0.822884012539185
        ],
        [
            0.5450928381962865,
            0.5721583652618135,
            0.626984126984127,
            0.6547619047619048,
            0.7071078431372549,
            0.822884012539185
        ],
        [
            0.5450928381962865,
            0.5721583652618135,
            0.626984126984127,
            0.6954022988505747,
            0.7071078431372549,
            0.822884012539185
        ],
        [
            0.5450928381962865,
            0.54858934169279,
            0.626984126984127,
            0.6954022988505747,
            0.7071078431372549,
            0.822884012539185
        ],
        [
            0.5450928381962865,
            0.54858934169279,
            0.6547619047619048,
            0.6954022988505747,
            0.7071078431372549,
            0.822884012539185
        ],
        [
            0.5450928381962865,
            0.54858934169279,
            0.6547619047619048,
            0.6954022988505747,
            0.7071078431372549,
            0.822884012539185
        ]
    ],