{
    "avg_correct_paragraphs": 0.6098412698412699,
    "avg_correct_lines": 0.8180925032046795,
    "avg_perplexities": 180.19663827040793,
    "avg_perplexities_difference": -136.0483170831592,
    "avg_syllable_differences": 1.7892159056010553,
    "avg_mean_deviation_syllable_count": 1.4244498357890307,
    "avg_correct_syllable_count": 0.38752344256797316,
    "avg_duration": 113.29826712608337,
    "avg_correct_rhymes": 0.6184442778870022,
    "avg_pos_similarity": 0.7906418090669521,
    "avg_mean_deviation_pos_similarity": 0.1379375551079634,
    "avg_correct_pos_lines": 0.35895578486103197,
    "avg_overlap": 0.45132385693258276,
    "avg_repetition_difference": 0.05478590746025188
}