{
    "avg_correct_paragraphs": 0.725,
    "avg_correct_lines": 0.8909090909090909,
    "avg_perplexities": 87.06075859069824,
    "avg_perplexities_difference": -13.25289535522461,
    "avg_syllable_differences": 1.6186335403726708,
    "avg_mean_deviation_syllable_count": 1.4179969242599002,
    "avg_correct_syllable_count": 0.39534883720930236,
    "avg_duration": 82.51482474803925,
    "avg_correct_rhymes": 0.7207792207792207,
    "avg_rhyme_word_length": 1.5666666666666669,
    "avg_pos_similarity": 0.8215936419559646,
    "avg_mean_deviation_pos_similarity": 0.14555440654089077,
    "avg_correct_pos_lines": 0.35951200914982845,
    "avg_overlap": 0.4546071428571429,
    "avg_repetition_difference": 0.028103970499453124
}