{
    "avg_perplexities": [
        459.25350189208984,
        470.68841552734375,
        576.0907287597656
    ],
    "avg_perplexities_difference": [
        343.66940212249756,
        378.9848575592041,
        464.5967826843262
    ],
    "avg_syllable_differences": [
        0.0,
        0.0,
        0.0
    ],
    "avg_mean_deviation_syllable_count": [
        0.0,
        0.0,
        0.0
    ],
    "avg_correct_syllable_count": [
        1.0,
        1.0,
        1.0
    ],
    "avg_duration": [
        361.325,
        363.875,
        1004.165
    ],
    "avg_correct_rhymes": [
        0.7894088669950738,
        0.7434640522875817,
        0.8240495137046862
    ],
    "avg_rhyme_word_length": [
        2.412087912087912,
        2.46,
        2.723809523809524
    ],
    "avg_pos_similarity": [
        0.7851797518322285,
        0.7718112294744426,
        0.7844842542868857
    ],
    "avg_mean_deviation_pos_similarity": [
        0.12977743438378408,
        0.13560282538095014,
        0.1170970598004272
    ],
    "avg_correct_pos_lines": [
        0.20823095823095822,
        0.16000522466039707,
        0.14961479198767336
    ],
    "avg_overlap": [
        0.37557894736842107,
        0.36461466165413536,
        0.4016606807473063
    ],
    "avg_repetition_difference": [
        0.010768557827885633,
        0.02151576200431543,
        0.007467005985267727
    ],
    "possible_rhyming_types": [
        "perfect",
        "near",
        "assonant"
    ]
}