{
    "avg_perplexities": [
        [
            912.0114789266844,
            1608.5632059133648,
            1171.282994782534,
            2110.958431068508,
            7491.431348904696,
            12609.534150971234
        ],
        [
            1376.7956869435661,
            872.1360770102146,
            1307.0124697298618,
            2264.6184261433345,
            9165.332023335599,
            10792.065394286501
        ],
        [
            1117.1861762515568,
            1035.2154017795215,
            1362.408032058701,
            2241.9116204833986,
            8138.542314529419,
            11764.970120343296
        ],
        [
            1078.6222989508447,
            1197.0697455810289,
            1428.919515967369,
            7214.448585541018,
            10402.79393348797,
            19198.751027074355
        ],
        [
            767.5165251517783,
            1244.6642937761671,
            1554.8279725243065,
            9108.835554737156,
            9937.940170773261,
            12435.182100442797
        ],
        [
            1142.6808138574872,
            1244.6642937761671,
            1291.3158180713654,
            9305.723021710528,
            9024.220288857647,
            11105.630441254667
        ]
    ],
    "avg_perplexities_difference": [
        [
            680.7225740758628,
            1169.9347158876683,
            882.5895131623491,
            1607.9860054651897,
            7378.789133661444,
            12228.273500692132
        ],
        [
            1100.7257201698694,
            581.4105312781674,
            1021.0745426384179,
            2082.0333685486257,
            8854.485209708928,
            10516.28355754123
        ],
        [
            889.1147140619541,
            686.5349981660966,
            1131.6003141562398,
            2054.703867263794,
            7829.704062730074,
            11363.176480068403
        ],
        [
            919.1318548563364,
            958.2079589407324,
            1082.862541347742,
            6531.159473080789,
            9994.956777261188,
            19080.029825424328
        ],
        [
            559.0189499757728,
            944.8126227411174,
            1242.1260856740616,
            8869.97376809686,
            9683.137825959817,
            12064.264994320989
        ],
        [
            919.1318548563364,
            934.2248247024861,
            964.0770265960693,
            9105.306381517355,
            8713.373475230972,
            10894.089599096198
        ]
    ],
    "avg_syllable_differences": [
        [
            0.0,
            0.0,
            0.0,
            0.0,
            0.0,
            0.0
        ],
        [
            0.0,
            0.0,
            0.0,
            0.0,
            0.0,
            0.0
        ],
        [
            0.0,
            0.0,
            0.0,
            0.0,
            0.0,
            0.0
        ],
        [
            0.02702702702702703,
            0.01818181818181818,
            0.034482758620689655,
            0.0,
            0.0,
            0.0
        ],
        [
            0.02702702702702703,
            0.046875,
            0.078125,
            0.016129032258064516,
            0.0,
            0.02860501567398119
        ],
        [
            0.058823529411764705,
            0.04838709677419355,
            0.11764705882352941,
            0.2938508064516129,
            0.5502199413489737,
            0.4107038123167155
        ]
    ],
    "avg_mean_deviation_syllable_count": [
        [
            0.0,
            0.0,
            0.0,
            0.0,
            0.0,
            0.0
        ],
        [
            0.0,
            0.0,
            0.0,
            0.0,
            0.0,
            0.0
        ],
        [
            0.0,
            0.0,
            0.0,
            0.0,
            0.0,
            0.0
        ],
        [
            0.05259313367421473,
            0.03570247933884293,
            0.06777645659928655,
            0.0,
            0.0,
            0.0
        ],
        [
            0.05259313367421473,
            0.08935546875,
            0.14892578125,
            0.031737773152965644,
            0.0,
            0.05609897210129612
        ],
        [
            0.11072664359861584,
            0.09521331945889723,
            0.22079999999999977,
            0.5056151811528405,
            0.8001433201042263,
            0.6248511275689386
        ]
    ],
    "avg_correct_syllable_count": [
        [
            1.0,
            1.0,
            1.0,
            1.0,
            1.0,
            1.0
        ],
        [
            1.0,
            1.0,
            1.0,
            1.0,
            1.0,
            1.0
        ],
        [
            1.0,
            1.0,
            1.0,
            1.0,
            1.0,
            1.0
        ],
        [
            0.9787234042553191,
            0.9818181818181818,
            0.9795918367346939,
            1.0,
            1.0,
            1.0
        ],
        [
            0.9787234042553191,
            0.96875,
            0.953125,
            0.984375,
            1.0,
            0.9786363636363636
        ],
        [
            0.967741935483871,
            0.9772727272727273,
            0.953125,
            0.8340624999999999,
            0.6967741935483871,
            0.8092764378478665
        ]
    ],
    "avg_duration": [
        [
            1479.7199999999998,
            1417.23,
            1371.305,
            1203.88,
            1165.05,
            1065.125
        ],
        [
            1468.2649999999999,
            1447.0349999999999,
            1402.06,
            1237.82,
            1207.095,
            1151.255
        ],
        [
            1541.33,
            1448.9099999999999,
            1397.435,
            1120.07,
            1085.37,
            1131.5349999999999
        ],
        [
            1452.73,
            1420.55,
            1405.74,
            1167.59,
            1259.15,
            1037.79
        ],
        [
            1530.4,
            1479.76,
            1441.63,
            1214.3,
            1213.875,
            1145.65
        ],
        [
            1469.53,
            1401.06,
            1397.18,
            1084.3200000000002,
            1077.295,
            1147.58
        ]
    ],
    "avg_correct_rhymes": [
        [
            0.2716346153846154,
            0.2264957264957265,
            0.2264957264957265,
            0.10526315789473684,
            0.10344827586206896,
            0.020833333333333332
        ],
        [
            0.18421052631578946,
            0.18859649122807015,
            0.18518518518518517,
            0.09808612440191387,
            0.08333333333333333,
            0.06066176470588235
        ],
        [
            0.2403846153846154,
            0.22064777327935223,
            0.19791666666666669,
            0.14285714285714285,
            0.05555555555555555,
            0.05572755417956656
        ],
        [
            0.23076923076923078,
            0.21052631578947367,
            0.23076923076923078,
            0.1111111111111111,
            0.08051529790660225,
            0.08333333333333333
        ],
        [
            0.23529411764705882,
            0.21052631578947367,
            0.16666666666666666,
            0.16666666666666666,
            0.05756578947368421,
            0.020833333333333332
        ],
        [
            0.2222222222222222,
            0.17391304347826086,
            0.21052631578947367,
            0.0748663101604278,
            0.017241379310344827,
            0.07107843137254902
        ]
    ],