{
    "avg_perplexities": [
        [
            286.9095764160156,
            310.1259078979492,
            276.5201187133789,
            461.5272216796875,
            2862.74853515625,
            5133.035888671875
        ],
        [
            278.89844512939453,
            298.23453521728516,
            364.2549743652344,
            436.4637145996094,
            3242.8585815429688,
            4280.912841796875
        ],
        [
            227.53712844848633,
            292.34144592285156,
            353.53790283203125,
            479.97027587890625,
            3623.8402099609375,
            5585.469970703125
        ],
        [
            240.00355529785156,
            276.9035339355469,
            403.70387268066406,
            1225.6622314453125,
            3787.2330322265625,
            6471.276123046875
        ],
        [
            217.79701232910156,
            298.65655517578125,
            366.43028259277344,
            820.9267578125,
            4489.80029296875,
            5649.957275390625
        ],
        [
            277.14788818359375,
            296.5842742919922,
            361.12286376953125,
            1887.97607421875,
            4306.909912109375,
            4932.06201171875
        ]
    ],
    "avg_perplexities_difference": [
        [
            163.19500350952148,
            215.71983909606934,
            192.7114896774292,
            361.0093460083008,
            2748.2392501831055,
            5016.787786483765
        ],
        [
            175.69730186462402,
            181.029878616333,
            250.87360000610352,
            354.0857925415039,
            3103.5472831726074,
            4198.493837356567
        ],
        [
            127.18979072570801,
            165.7586784362793,
            248.8052215576172,
            441.6210250854492,
            3505.8532905578613,
            5466.130405426025
        ],
        [
            131.41472625732422,
            154.14370727539062,
            309.84510803222656,
            1041.4373016357422,
            3701.8209381103516,
            6342.685897827148
        ],
        [
            131.41472625732422,
            167.46828842163086,
            250.87360000610352,
            672.027961730957,
            4380.316745758057,
            5522.159332275391
        ],
        [
            167.46828842163086,
            167.99404907226562,
            265.2996292114258,
            1721.4142112731934,
            4221.361728668213,
            4820.568065643311
        ]
    ],
    "avg_syllable_differences": [
        [
            0.0,
            0.0,
            0.0,
            0.0,
            0.0,
            0.0
        ],
        [
            0.0,
            0.0,
            0.0,
            0.0,
            0.0,
            0.0
        ],
        [
            0.0,
            0.0,
            0.0,
            0.0,
            0.0,
            0.0
        ],
        [
            0.02702702702702703,
            0.01818181818181818,
            0.034482758620689655,
            0.0,
            0.0,
            0.0
        ],
        [
            0.02702702702702703,
            0.046875,
            0.078125,
            0.016129032258064516,
            0.0,
            0.02860501567398119
        ],
        [
            0.058823529411764705,
            0.04838709677419355,
            0.11764705882352941,
            0.2938508064516129,
            0.5502199413489737,
            0.4107038123167155
        ]
    ],
    "avg_mean_deviation_syllable_count": [
        [
            0.0,
            0.0,
            0.0,
            0.0,
            0.0,
            0.0
        ],
        [
            0.0,
            0.0,
            0.0,
            0.0,
            0.0,
            0.0
        ],
        [
            0.0,
            0.0,
            0.0,
            0.0,
            0.0,
            0.0
        ],
        [
            0.05259313367421473,
            0.03570247933884293,
            0.06777645659928655,
            0.0,
            0.0,
            0.0
        ],
        [
            0.05259313367421473,
            0.08935546875,
            0.14892578125,
            0.031737773152965644,
            0.0,
            0.05609897210129612
        ],
        [
            0.11072664359861584,
            0.09521331945889723,
            0.22079999999999977,
            0.5056151811528405,
            0.8001433201042263,
            0.6248511275689386
        ]
    ],
    "avg_correct_syllable_count": [
        [
            1.0,
            1.0,
            1.0,
            1.0,
            1.0,
            1.0
        ],
        [
            1.0,
            1.0,
            1.0,
            1.0,
            1.0,
            1.0
        ],
        [
            1.0,
            1.0,
            1.0,
            1.0,
            1.0,
            1.0
        ],
        [
            0.9787234042553191,
            0.9818181818181818,
            0.9795918367346939,
            1.0,
            1.0,
            1.0
        ],
        [
            0.9787234042553191,
            0.96875,
            0.953125,
            0.984375,
            1.0,
            0.9786363636363636
        ],
        [
            0.967741935483871,
            0.9772727272727273,
            0.953125,
            0.8340624999999999,
            0.6967741935483871,
            0.8092764378478665
        ]
    ],
    "avg_duration": [
        [
            1479.7199999999998,
            1417.23,
            1371.305,
            1203.88,
            1165.05,
            1065.125
        ],
        [
            1468.2649999999999,
            1447.0349999999999,
            1402.06,
            1237.82,
            1207.095,
            1151.255
        ],
        [
            1541.33,
            1448.9099999999999,
            1397.435,
            1120.07,
            1085.37,
            1131.5349999999999
        ],
        [
            1452.73,
            1420.55,
            1405.74,
            1167.59,
            1259.15,
            1037.79
        ],
        [
            1530.4,
            1479.76,
            1441.63,
            1214.3,
            1213.875,
            1145.65
        ],
        [
            1469.53,
            1401.06,
            1397.18,
            1084.3200000000002,
            1077.295,
            1147.58
        ]
    ],
    "avg_correct_rhymes": [
        [
            0.2716346153846154,
            0.2264957264957265,
            0.2264957264957265,
            0.10526315789473684,
            0.10344827586206896,
            0.020833333333333332
        ],
        [
            0.18421052631578946,
            0.18859649122807015,
            0.18518518518518517,
            0.09808612440191387,
            0.08333333333333333,
            0.06066176470588235
        ],
        [
            0.2403846153846154,
            0.22064777327935223,
            0.19791666666666669,
            0.14285714285714285,
            0.05555555555555555,
            0.05572755417956656
        ],
        [
            0.23076923076923078,
            0.21052631578947367,
            0.23076923076923078,
            0.1111111111111111,
            0.08051529790660225,
            0.08333333333333333
        ],
        [
            0.23529411764705882,
            0.21052631578947367,
            0.16666666666666666,
            0.16666666666666666,
            0.05756578947368421,
            0.020833333333333332
        ],
        [
            0.2222222222222222,
            0.17391304347826086,
            0.21052631578947367,
            0.0748663101604278,
            0.017241379310344827,
            0.07107843137254902
        ]
    ],