{
    "avg_perplexities": 514.1577758789062,
    "avg_perplexities_difference": 349.77536392211914,
    "avg_syllable_differences": 0.0,
    "avg_mean_deviation_syllable_count": 0.0,
    "avg_correct_syllable_count": 1.0,
    "avg_duration": 1871.5,
    "avg_correct_rhymes": 0.9226190476190477,
    "avg_rhyme_word_length": 2.083881578947368,
    "avg_pos_similarity": 0.7804840502775091,
    "avg_mean_deviation_pos_similarity": 0.12392318829177103,
    "avg_correct_pos_lines": 0.17305672268907563,
    "avg_overlap": 0.30586222982428857,
    "avg_repetition_difference": 0.02266296464424633
}