{
    "avg_perplexities": [
        [
            600.0230576124817,
            765.6261939214878,
            790.9997709789792,
            2050.6834967820323,
            8172.147522110904,
            8861.402817019101
        ],
        [
            818.5276613061043,
            929.2736080456535,
            1010.2890555220349,
            1863.1489421177994,
            9138.168140502337,
            8895.821832251779
        ],
        [
            765.0754657387118,
            680.1305356938788,
            808.6023936271667,
            4972.364032548558,
            8523.08577763219,
            8528.515437635324
        ],
        [
            844.0080879060382,
            845.995960769506,
            795.442621359954,
            5253.129676292019,
            8945.101405669466,
            10336.28192598778
        ],
        [
            636.9122846274383,
            987.9242233684081,
            1198.7100260969132,
            5105.769695484556,
            9146.6868936166,
            8746.612943925978
        ],
        [
            659.3528296139082,
            914.8458613781263,
            1091.7199047332663,
            8030.84642989854,
            8505.658429742703,
            8970.414575810335
        ]
    ],
    "avg_perplexities_difference": [
        [
            374.5024981423845,
            452.3481253828017,
            598.944492980854,
            1746.9139870921263,
            7976.712186926999,
            8413.269775089175
        ],
        [
            502.50738062507935,
            449.13550532870534,
            721.6606989325005,
            1502.018128016862,
            9039.191445628336,
            8799.884630581166
        ],
        [
            386.498980979709,
            427.04131135906493,
            555.4133467198207,
            4781.776222143173,
            8121.387438504619,
            8083.638901442289
        ],
        [
            522.0958965111139,
            579.2160063294732,
            535.4175483323262,
            4650.342153600147,
            8600.011316258002,
            9978.834550715328
        ],
        [
            402.9196347634974,
            757.0605541797909,
            708.7698998125841,
            4883.646429319833,
            8835.753648325976,
            8499.395192792254
        ],
        [
            473.1264081131328,
            695.5215266657942,
            688.7169625863314,
            7775.222659413938,
            8303.18737528762,
            8698.627121514335
        ]
    ],
    "avg_syllable_differences": [
        [
            0.0,
            0.0,
            0.0,
            0.0,
            0.0,
            0.0
        ],
        [
            0.0,
            0.0,
            0.0,
            0.0,
            0.0,
            0.0
        ],
        [
            0.0,
            0.0,
            0.0,
            0.0,
            0.0,
            0.0
        ],
        [
            0.05146627565982405,
            0.045650921658986175,
            0.04056795131845842,
            0.0,
            0.0,
            0.0
        ],
        [
            0.05668449197860963,
            0.08722109533468561,
            0.08547632963179427,
            0.0,
            0.0,
            0.004464285714285714
        ],
        [
            0.06061224489795918,
            0.08032258064516129,
            0.1661874640598045,
            0.41986959505833904,
            0.39148936170212767,
            0.39801520270270274
        ]
    ],
    "avg_mean_deviation_syllable_count": [
        [
            0.0,
            0.0,
            0.0,
            0.0,
            0.0,
            0.0
        ],
        [
            0.0,
            0.0,
            0.0,
            0.0,
            0.0,
            0.0
        ],
        [
            0.0,
            0.0,
            0.0,
            0.0,
            0.0,
            0.0
        ],
        [
            0.09860776911103289,
            0.0877017788124615,
            0.07937905525223309,
            0.0,
            0.0,
            0.0
        ],
        [
            0.10797024793388427,
            0.16441540594694892,
            0.16367090107978738,
            0.0,
            0.0,
            0.008848852040816311
        ],
        [
            0.11512553102873803,
            0.1499051382836889,
            0.2931145942903738,
            0.5960463980245414,
            0.5846560792793964,
            0.5943900959257226
        ]
    ],
    "avg_correct_syllable_count": [
        [
            1.0,
            1.0,
            1.0,
            1.0,
            1.0,
            1.0
        ],
        [
            1.0,
            1.0,
            1.0,
            1.0,
            1.0,
            1.0
        ],
        [
            1.0,
            1.0,
            1.0,
            1.0,
            1.0,
            1.0
        ],
        [
            0.96875,
            0.9773955773955774,
            0.9763655462184874,
            1.0,
            1.0,
            1.0
        ],
        [
            0.9516129032258065,
            0.9530508474576271,
            0.9666295884315907,
            1.0,
            1.0,
            0.9955357142857143
        ],
        [
            0.9541681079211346,
            0.927741935483871,
            0.9005924950625411,
            0.7459036439227195,
            0.7938731527093597,
            0.7868303571428572
        ]
    ],
    "avg_duration": [
        [
            689.63,
            618.145,
            614.495,
            595.145,
            584.71,
            634.26
        ],
        [
            649.665,
            608.655,
            629.5799999999999,
            572.115,
            631.95,
            610.475
        ],
        [
            687.355,
            638.485,
            646.63,
            622.165,
            655.965,
            601.325
        ],
        [
            712.2249999999999,
            665.9300000000001,
            667.635,
            598.905,
            604.625,
            649.9300000000001
        ],
        [
            696.625,
            680.99,
            633.415,
            595.64,
            637.5450000000001,
            600.0250000000001
        ],
        [
            702.81,
            696.74,
            666.1800000000001,
            606.5799999999999,
            643.6700000000001,
            645.5550000000001
        ]
    ],
    "avg_correct_rhymes": [
        [
            0.2264957264957265,
            0.2768199233716475,
            0.28174603174603174,
            0.1111111111111111,
            0.07870370370370369,
            0.05718954248366013
        ],
        [
            0.1846590909090909,
            0.256578947368421,
            0.3125,
            0.11437908496732026,
            0.1715686274509804,
            0.0
        ],
        [
            0.18311403508771928,
            0.24696356275303644,
            0.17914438502673796,
            0.08333333333333333,
            0.06696428571428571,
            0.06066176470588235
        ],
        [
            0.19240196078431374,
            0.2264957264957265,
            0.2361111111111111,
            0.11805555555555555,
            0.058823529411764705,
            0.018518518518518517
        ],
        [
            0.2403846153846154,
            0.2426470588235294,
            0.212406015037594,
            0.1213235294117647,
            0.06512605042016806,
            0.06512605042016806
        ],
        [
            0.21980676328502413,
            0.2403846153846154,
            0.17914438502673796,
            0.05718954248366013,
            0.08876117496807151,
            0.07019704433497537
        ]
    ],