{
    "avg_perplexities": [
        [
            271.9970397949219,
            155.5691375732422,
            239.07633209228516,
            324.7315673828125,
            2507.41845703125,
            4045.1141357421875
        ],
        [
            222.32608032226562,
            229.80682754516602,
            245.19163131713867,
            279.1631507873535,
            2873.580322265625,
            3999.722900390625
        ],
        [
            206.05084991455078,
            250.95780181884766,
            214.76752090454102,
            423.93519592285156,
            3400.0819091796875,
            4285.96728515625
        ],
        [
            181.23714447021484,
            227.3881072998047,
            252.47206497192383,
            974.9965209960938,
            3267.2218017578125,
            4257.0667724609375
        ],
        [
            166.8457489013672,
            224.88401412963867,
            232.0946807861328,
            1167.1981506347656,
            3790.6669311523438,
            4718.9044189453125
        ],
        [
            191.6270294189453,
            248.96798706054688,
            271.88951873779297,
            2163.323486328125,
            3230.90380859375,
            3907.6405029296875
        ]
    ],
    "avg_perplexities_difference": [
        [
            137.8517951965332,
            55.54253959655762,
            112.17309188842773,
            231.0050449371338,
            2369.566770553589,
            3934.583999633789
        ],
        [
            116.98538589477539,
            126.85671806335449,
            104.58902359008789,
            154.92412185668945,
            2802.6767387390137,
            3860.4388542175293
        ],
        [
            90.72724437713623,
            108.39936447143555,
            86.0930585861206,
            289.0239372253418,
            3302.950626373291,
            4180.813844680786
        ],
        [
            95.29549598693848,
            126.5386848449707,
            136.51478385925293,
            902.6333255767822,
            3135.9136505126953,
            4119.215085983276
        ],
        [
            82.5161943435669,
            116.3975715637207,
            115.43121719360352,
            1102.2549858093262,
            3687.6730670928955,
            4620.78849697113
        ],
        [
            107.29117393493652,
            151.51729583740234,
            135.6091022491455,
            1999.0702896118164,
            3160.0002250671387,
            3794.012870788574
        ]
    ],
    "avg_syllable_differences": [
        [
            0.0,
            0.0,
            0.0,
            0.0,
            0.0,
            0.0
        ],
        [
            0.0,
            0.0,
            0.0,
            0.0,
            0.0,
            0.0
        ],
        [
            0.0,
            0.0,
            0.0,
            0.0,
            0.0,
            0.0
        ],
        [
            0.05146627565982405,
            0.045650921658986175,
            0.04056795131845842,
            0.0,
            0.0,
            0.0
        ],
        [
            0.05668449197860963,
            0.08722109533468561,
            0.08547632963179427,
            0.0,
            0.0,
            0.004464285714285714
        ],
        [
            0.06061224489795918,
            0.08032258064516129,
            0.1661874640598045,
            0.41986959505833904,
            0.39148936170212767,
            0.39801520270270274
        ]
    ],
    "avg_mean_deviation_syllable_count": [
        [
            0.0,
            0.0,
            0.0,
            0.0,
            0.0,
            0.0
        ],
        [
            0.0,
            0.0,
            0.0,
            0.0,
            0.0,
            0.0
        ],
        [
            0.0,
            0.0,
            0.0,
            0.0,
            0.0,
            0.0
        ],
        [
            0.09860776911103289,
            0.0877017788124615,
            0.07937905525223309,
            0.0,
            0.0,
            0.0
        ],
        [
            0.10797024793388427,
            0.16441540594694892,
            0.16367090107978738,
            0.0,
            0.0,
            0.008848852040816311
        ],
        [
            0.11512553102873803,
            0.1499051382836889,
            0.2931145942903738,
            0.5960463980245414,
            0.5846560792793964,
            0.5943900959257226
        ]
    ],
    "avg_correct_syllable_count": [
        [
            1.0,
            1.0,
            1.0,
            1.0,
            1.0,
            1.0
        ],
        [
            1.0,
            1.0,
            1.0,
            1.0,
            1.0,
            1.0
        ],
        [
            1.0,
            1.0,
            1.0,
            1.0,
            1.0,
            1.0
        ],
        [
            0.96875,
            0.9773955773955774,
            0.9763655462184874,
            1.0,
            1.0,
            1.0
        ],
        [
            0.9516129032258065,
            0.9530508474576271,
            0.9666295884315907,
            1.0,
            1.0,
            0.9955357142857143
        ],
        [
            0.9541681079211346,
            0.927741935483871,
            0.9005924950625411,
            0.7459036439227195,
            0.7938731527093597,
            0.7868303571428572
        ]
    ],
    "avg_duration": [
        [
            689.63,
            618.145,
            614.495,
            595.145,
            584.71,
            634.26
        ],
        [
            649.665,
            608.655,
            629.5799999999999,
            572.115,
            631.95,
            610.475
        ],
        [
            687.355,
            638.485,
            646.63,
            622.165,
            655.965,
            601.325
        ],
        [
            712.2249999999999,
            665.9300000000001,
            667.635,
            598.905,
            604.625,
            649.9300000000001
        ],
        [
            696.625,
            680.99,
            633.415,
            595.64,
            637.5450000000001,
            600.0250000000001
        ],
        [
            702.81,
            696.74,
            666.1800000000001,
            606.5799999999999,
            643.6700000000001,
            645.5550000000001
        ]
    ],
    "avg_correct_rhymes": [
        [
            0.2264957264957265,
            0.2768199233716475,
            0.28174603174603174,
            0.1111111111111111,
            0.07870370370370369,
            0.05718954248366013
        ],
        [
            0.1846590909090909,
            0.256578947368421,
            0.3125,
            0.11437908496732026,
            0.1715686274509804,
            0.0
        ],
        [
            0.18311403508771928,
            0.24696356275303644,
            0.17914438502673796,
            0.08333333333333333,
            0.06696428571428571,
            0.06066176470588235
        ],
        [
            0.19240196078431374,
            0.2264957264957265,
            0.2361111111111111,
            0.11805555555555555,
            0.058823529411764705,
            0.018518518518518517
        ],
        [
            0.2403846153846154,
            0.2426470588235294,
            0.212406015037594,
            0.1213235294117647,
            0.06512605042016806,
            0.06512605042016806
        ],
        [
            0.21980676328502413,
            0.2403846153846154,
            0.17914438502673796,
            0.05718954248366013,
            0.08876117496807151,
            0.07019704433497537
        ]
    ],