{
    "avg_perplexities": [
        315.54793548583984,
        628.1554565429688,
        568.2684631347656
    ],
    "avg_perplexities_difference": [
        240.93056964874268,
        551.1473922729492,
        516.3180828094482
    ],
    "avg_syllable_differences": [
        0.0,
        0.0,
        0.0
    ],
    "avg_mean_deviation_syllable_count": [
        0.0,
        0.0,
        0.0
    ],
    "avg_correct_syllable_count": [
        1.0,
        1.0,
        1.0
    ],
    "avg_duration": [
        1094.65,
        1201.275,
        1091.46
    ],
    "avg_correct_rhymes": [
        0.8660714285714286,
        0.8191721132897603,
        0.9166666666666666
    ],
    "avg_rhyme_word_length": [
        2.4642857142857144,
        2.2444444444444445,
        2.263157894736842
    ],
    "avg_pos_similarity": [
        0.7072417912594577,
        0.6338828376849994,
        0.6255722771851808
    ],
    "avg_mean_deviation_pos_similarity": [
        0.12110791070215438,
        0.08392194016888625,
        0.07793582256597907
    ],
    "avg_correct_pos_lines": [
        0.12401918047079338,
        0.01801658163265306,
        0.017543859649122806
    ],
    "avg_overlap": [
        0.1914423740510697,
        0.03920542532172799,
        0.04371584699453552
    ],
    "avg_repetition_difference": [
        0.05791901954052567,
        0.2539802868025087,
        0.24936943928601127
    ],
    "possible_prompts": [
        1,
        2,
        3
    ]
}