{
    "avg_perplexities": [
        [
            361.8424072265625,
            300.45223236083984,
            372.8482360839844,
            382.51412200927734,
            1863.2265625,
            6365.2197265625
        ],
        [
            296.12852478027344,
            356.18475341796875,
            318.7682189941406,
            458.7436828613281,
            2305.252197265625,
            6518.9658203125
        ],
        [
            296.5580596923828,
            299.61341857910156,
            394.5798797607422,
            777.6708526611328,
            3742.0938720703125,
            5883.30224609375
        ],
        [
            254.12347030639648,
            278.593563079834,
            316.81749725341797,
            683.328857421875,
            4022.082275390625,
            6325.7880859375
        ],
        [
            300.5773010253906,
            275.6208038330078,
            312.4400939941406,
            814.1030883789062,
            3477.417236328125,
            5494.91796875
        ],
        [
            307.8405990600586,
            339.3313217163086,
            328.4967269897461,
            1170.3154296875,
            3671.3963012695312,
            5948.3289794921875
        ]
    ],
    "avg_perplexities_difference": [
        [
            200.5104217529297,
            191.71095275878906,
            239.12683773040771,
            274.78522872924805,
            1732.0923709869385,
            6313.269346237183
        ],
        [
            147.47675323486328,
            253.87152481079102,
            218.35942268371582,
            378.3672971725464,
            2207.080503463745,
            6354.907012939453
        ],
        [
            175.73230743408203,
            208.3465633392334,
            326.53689098358154,
            676.4668235778809,
            3644.5734939575195,
            5791.765167236328
        ],
        [
            146.52575206756592,
            196.62961196899414,
            204.72681427001953,
            551.3386154174805,
            3941.359064102173,
            6247.396713256836
        ],
        [
            189.74368953704834,
            199.87603378295898,
            235.37238311767578,
            720.4269676208496,
            3415.7066955566406,
            5379.251091003418
        ],
        [
            209.69381999969482,
            224.75393676757812,
            218.33174896240234,
            1072.1471281051636,
            3553.345525741577,
            5844.838180541992
        ]
    ],
    "avg_syllable_differences": [
        [
            0.0,
            0.0,
            0.0,
            0.0,
            0.0,
            0.0
        ],
        [
            0.0,
            0.0,
            0.0,
            0.0,
            0.0,
            0.0
        ],
        [
            0.0,
            0.0,
            0.0,
            0.0,
            0.0,
            0.0
        ],
        [
            0.047193877551020405,
            0.06696428571428571,
            0.05990648743424898,
            0.0,
            0.0,
            0.0
        ],
        [
            0.04359802431610942,
            0.07179054054054054,
            0.06674082313681869,
            0.0351140456182473,
            0.04547014413177762,
            0.01694915254237288
        ],
        [
            0.1048728813559322,
            0.1048728813559322,
            0.1816326530612245,
            0.25806451612903225,
            0.31411992263056093,
            0.31070087609511887
        ]
    ],
    "avg_mean_deviation_syllable_count": [
        [
            0.0,
            0.0,
            0.0,
            0.0,
            0.0,
            0.0
        ],
        [
            0.0,
            0.0,
            0.0,
            0.0,
            0.0,
            0.0
        ],
        [
            0.0,
            0.0,
            0.0,
            0.0,
            0.0,
            0.0
        ],
        [
            0.09259813619325288,
            0.13006218112244888,
            0.11776209291069131,
            0.0,
            0.0,
            0.0
        ],
        [
            0.0850948707629271,
            0.13724519494156312,
            0.12783329889470554,
            0.06769706682192683,
            0.0892544641658451,
            0.03332375754093649
        ],
        [
            0.19650808470472364,
            0.19710739999281823,
            0.33460558100791327,
            0.44638208469407237,
            0.509757303892042,
            0.48505993881588527
        ]
    ],
    "avg_correct_syllable_count": [
        [
            1.0,
            1.0,
            1.0,
            1.0,
            1.0,
            1.0
        ],
        [
            1.0,
            1.0,
            1.0,
            1.0,
            1.0,
            1.0
        ],
        [
            1.0,
            1.0,
            1.0,
            1.0,
            1.0,
            1.0
        ],
        [
            0.9791576204950065,
            0.96875,
            0.9717806041335453,
            1.0,
            1.0,
            1.0
        ],
        [
            0.9779980657640233,
            0.9665178571428572,
            0.95141065830721,
            0.9752941176470589,
            0.972972972972973,
            0.984375
        ],
        [
            0.9372586872586872,
            0.933910472972973,
            0.914496833216045,
            0.8949255377826806,
            0.8052171610169492,
            0.797962648556876
        ]
    ],
    "avg_duration": [
        [
            715.96,
            737.7049999999999,
            727.175,
            787.25,
            824.075,
            773.4
        ],
        [
            718.755,
            716.15,
            747.46,
            749.3050000000001,
            750.65,
            743.08
        ],
        [
            740.54,
            721.56,
            754.4000000000001,
            718.25,
            823.135,
            701.93
        ],
        [
            771.655,
            732.0450000000001,
            748.4649999999999,
            732.8199999999999,
            762.615,
            726.16
        ],
        [
            769.375,
            708.0250000000001,
            770.8900000000001,
            741.745,
            743.62,
            704.66
        ],
        [
            770.47,
            730.965,
            783.81,
            755.755,
            761.64,
            794.3299999999999
        ]
    ],
    "avg_correct_rhymes": [
        [
            0.23529411764705882,
            0.3484848484848485,
            0.40404040404040403,
            0.20942982456140352,
            0.017241379310344827,
            0.0625
        ],
        [
            0.35416666666666663,
            0.2998366013071896,
            0.2330316742081448,
            0.13025210084033612,
            0.0874384236453202,
            0.058823529411764705
        ],
        [
            0.2998366013071896,
            0.27389705882352944,
            0.27525252525252525,
            0.09429824561403508,
            0.127789046653144,
            0.058823529411764705
        ],
        [
            0.25427350427350426,
            0.38409961685823757,
            0.2540106951871658,
            0.11437908496732026,
            0.0748663101604278,
            0.08695652173913043
        ],
        [
            0.2940613026819924,
            0.2768199233716475,
            0.3563218390804598,
            0.1388888888888889,
            0.06512605042016806,
            0.08333333333333333
        ],
        [
            0.28342245989304815,
            0.3693181818181818,
            0.2222222222222222,
            0.1213235294117647,
            0.058823529411764705,
            0.02631578947368421
        ]
    ],