{
    "avg_perplexities": [
        275.1352233886719,
        244.97035598754883,
        277.80189514160156,
        277.80189514160156,
        277.80189514160156,
        277.80189514160156
    ],
    "avg_perplexities_difference": [
        175.08226013183594,
        150.4300765991211,
        168.8079891204834,
        168.8079891204834,
        168.8079891204834,
        168.8079891204834
    ],
    "avg_syllable_differences": [
        0.07873651771956856,
        0.02821939586645469,
        0.0,
        0.0,
        0.0,
        0.0
    ],
    "avg_mean_deviation_syllable_count": [
        0.14787467266222062,
        0.05484327963987549,
        0.0,
        0.0,
        0.0,
        0.0
    ],
    "avg_correct_syllable_count": [
        0.950382722799344,
        0.9822884012539185,
        1.0,
        1.0,
        1.0,
        1.0
    ],
    "avg_duration": [
        413.17499999999995,
        422.195,
        421.095,
        413.32000000000005,
        407.5,
        405.21500000000003
    ],
    "avg_correct_rhymes": [
        0.26244343891402716,
        0.19507575757575757,
        0.2264957264957265,
        0.2264957264957265,
        0.2264957264957265,
        0.2264957264957265
    ],
    "avg_rhyme_word_length": [
        1.0454545454545454,
        1.0454545454545454,
        1.1168831168831168,
        1.1168831168831168,
        1.1168831168831168,
        1.1168831168831168
    ],
    "avg_pos_similarity": [
        0.6806811758754243,
        0.6610542167775884,
        0.6828542884866448,
        0.6852323542495266,
        0.6852323542495266,
        0.6852323542495266
    ],
    "avg_mean_deviation_pos_similarity": [
        0.13244806274965454,
        0.12251879986608656,
        0.12596653301701705,
        0.12596653301701705,
        0.12596653301701705,
        0.12596653301701705
    ],
    "avg_correct_pos_lines": [
        0.06957047791893527,
        0.06573275862068965,
        0.0859375,
        0.07536764705882354,
        0.07536764705882354,
        0.07536764705882354
    ],
    "avg_overlap": [
        0.22612614930698505,
        0.185018680461469,
        0.21786148910277686,
        0.21802958624314786,
        0.21802958624314786,
        0.21802958624314786
    ],
    "avg_repetition_difference": [
        0.05153297454853101,
        0.058924507666494624,
        0.05648816004240015,
        0.06130491249424669,
        0.06130491249424669,
        0.06130491249424669
    ],
    "good_beamscore_multipliers_syllable": [
        0.2,
        0.4,
        0.6,
        0.8,
        0.9,
        0.99
    ]
}