{
    "good_beamscore_multipliers_syllable": [
        0.2,
        0.4,
        0.6,
        0.8,
        0.9,
        0.99
    ],
    "avg_perplexities": [
        2417.984357731667,
        2154.963513936853,
        1522.9175924792464,
        1424.9099756465198,
        1424.9099756465198,
        1424.9099756465198
    ],
    "avg_syllable_differences": [
        0.28041400953885665,
        0.16718883760557904,
        0.13537108535190945,
        0.11544518476386964,
        0.11544518476386964,
        0.11544518476386963
    ],
    "avg_mean_deviation_syllable_count": [
        0.45642002797945863,
        0.2920802922540563,
        0.23446787287420037,
        0.19804961514125077,
        0.19804961514125077,
        0.19804961514125077
    ],
    "avg_correct_syllable_count": [
        0.8727811898391037,
        0.9521422956733254,
        0.9705939387674871,
        0.9780471799388943,
        0.9780471799388945,
        0.9780471799388945
    ]
}