{
    "avg_perplexities": [
        596.2423706054688,
        546.77978515625
    ],
    "avg_perplexities_difference": [
        490.87582206726074,
        435.28583908081055
    ],
    "avg_syllable_differences": [
        0.0,
        0.0
    ],
    "avg_mean_deviation_syllable_count": [
        0.0,
        0.0
    ],
    "avg_correct_syllable_count": [
        1.0,
        1.0
    ],
    "avg_duration": [
        743.9300000000001,
        642.825
    ],
    "avg_correct_rhymes": [
        0.9428104575163399,
        0.587962962962963
    ],
    "avg_rhyme_word_length": [
        1.9473684210526314,
        2.0555555555555554
    ],
    "avg_pos_similarity": [
        0.7953992675422765,
        0.8072144237155756
    ],
    "avg_mean_deviation_pos_similarity": [
        0.126831280692073,
        0.13221797408278574
    ],
    "avg_correct_pos_lines": [
        0.17282568122433745,
        0.22227822580645162
    ],
    "avg_overlap": [
        0.33517284300749983,
        0.3740740740740741
    ],
    "avg_repetition_difference": [
        -0.009447349455179221,
        -0.008933152738408223
    ],
    "possible_backtracking": [
        true,
        false
    ]
}