{
    "avg_perplexities": [
        329.2601776123047,
        328.12646484375,
        308.9658508300781,
        327.69390869140625,
        327.69390869140625,
        327.69390869140625
    ],
    "avg_perplexities_difference": [
        192.41048431396484,
        193.73004531860352,
        179.30757522583008,
        191.25707244873047,
        191.25707244873047,
        191.25707244873047
    ],
    "avg_syllable_differences": [
        0.1517857142857143,
        0.052889095992544266,
        0.0,
        0.0,
        0.0,
        0.0
    ],
    "avg_mean_deviation_syllable_count": [
        0.2789950801749268,
        0.10253368064211016,
        0.0,
        0.0,
        0.0,
        0.0
    ],
    "avg_correct_syllable_count": [
        0.9076271186440679,
        0.9708614864864865,
        1.0,
        1.0,
        1.0,
        1.0
    ],
    "avg_duration": [
        241.66,
        238.435,
        235.54,
        229.195,
        229.165,
        227.57
    ],
    "avg_correct_rhymes": [
        0.3114224137931034,
        0.3390804597701149,
        0.39920424403183025,
        0.37412587412587417,
        0.37412587412587417,
        0.37412587412587417
    ],
    "avg_rhyme_word_length": [
        1.1008403361344539,
        1.0729166666666665,
        1.1145833333333335,
        1.3333333333333335,
        1.3333333333333335,
        1.3333333333333335
    ],
    "avg_pos_similarity": [
        0.7656498509203862,
        0.7408875022801407,
        0.752033258775599,
        0.7408875022801407,
        0.7408875022801407,
        0.7408875022801407
    ],
    "avg_mean_deviation_pos_similarity": [
        0.13746485751777035,
        0.12964832006076726,
        0.1303958433070772,
        0.13264729302934844,
        0.13264729302934844,
        0.13264729302934844
    ],
    "avg_correct_pos_lines": [
        0.19943330427201394,
        0.15554916618746406,
        0.2039695945945946,
        0.15842438182863716,
        0.15842438182863716,
        0.15842438182863716
    ],
    "avg_overlap": [
        0.3681347555794088,
        0.3217217026150029,
        0.3431426106958022,
        0.31741253436996303,
        0.31741253436996303,
        0.31741253436996303
    ],
    "avg_repetition_difference": [
        0.04326022519221781,
        0.0460479196055571,
        0.054875231783121564,
        0.048289923704252086,
        0.048289923704252086,
        0.048289923704252086
    ],
    "good_beamscore_multipliers_syllable": [
        0.2,
        0.4,
        0.6,
        0.8,
        0.9,
        0.99
    ]
}