{
    "avg_perplexities": [
        682.6336975097656,
        755.5173645019531,
        1394.443359375
    ],
    "avg_perplexities_difference": [
        553.146541595459,
        703.5669841766357,
        1310.2855377197266
    ],
    "avg_syllable_differences": [
        0.0,
        0.0,
        0.0
    ],
    "avg_mean_deviation_syllable_count": [
        0.0,
        0.0,
        0.0
    ],
    "avg_correct_syllable_count": [
        1.0,
        1.0,
        1.0
    ],
    "avg_duration": [
        875.925,
        932.55,
        967.08
    ],
    "avg_correct_rhymes": [
        0.8856209150326797,
        0.9444444444444444,
        0.9302884615384616
    ],
    "avg_rhyme_word_length": [
        2.467261904761905,
        2.3684210526315788,
        2.3875
    ],
    "avg_pos_similarity": [
        0.7950048429308711,
        0.6816696194967531,
        0.6528877903238112
    ],
    "avg_mean_deviation_pos_similarity": [
        0.13200260558867066,
        0.09574301335205271,
        0.09392683733310211
    ],
    "avg_correct_pos_lines": [
        0.18714719930525403,
        0.05405405405405406,
        0.02415181138585394
    ],
    "avg_overlap": [
        0.3409472104519774,
        0.09523809523809523,
        0.04321989904679854
    ],
    "avg_repetition_difference": [
        -0.02861334126276141,
        0.11881255326691154,
        0.11973418816385784
    ],
    "possible_prompts": [
        1,
        2,
        3
    ]
}