{
    "avg_perplexities": [
        1599.5573007046298,
        2132.5802599053445,
        2194.1770602395604,
        2194.1770602395604,
        2194.177060239561,
        2194.1770602395604
    ],
    "avg_perplexities_difference": [
        1298.5945537816901,
        1831.6175129824053,
        1893.2143133166214,
        1893.2143133166217,
        1893.2143133166214,
        1893.2143133166214
    ],
    "avg_syllable_differences": [
        0.21936139392380283,
        0.12784567093325472,
        0.10275385823325738,
        0.1027538582332574,
        0.10275385823325738,
        0.10275385823325738
    ],
    "avg_mean_deviation_syllable_count": [
        0.37450926136004375,
        0.21650572997419415,
        0.1736745175256739,
        0.1736745175256739,
        0.1736745175256739,
        0.1736745175256739
    ],
    "avg_correct_syllable_count": [
        0.9170167283277845,
        0.969365623472638,
        0.9805344248368536,
        0.9805344248368536,
        0.9805344248368538,
        0.9805344248368536
    ],
    "avg_duration": [
        328.6385,
        323.91800000000006,
        326.31000000000006,
        326.0615,
        333.4315,
        325.985
    ],
    "avg_correct_rhymes": [
        0.2253406582953797,
        0.21142353818900128,
        0.2160563927928311,
        0.21605639279283104,
        0.2160563927928311,
        0.21605639279283104
    ],
    "avg_pos_similarity": [
        0.678854827378719,
        0.666896134089199,
        0.6711352710528067,
        0.6711352710528069,
        0.6711352710528067,
        0.6711352710528067
    ],
    "avg_mean_deviation_pos_similarity": [
        0.12311318456070544,
        0.12334529757844344,
        0.12522143616159329,
        0.1252214361615933,
        0.12522143616159334,
        0.1252214361615933
    ],
    "avg_correct_pos_lines": [
        0.0927571011175958,
        0.08790029150341443,
        0.0968018229035517,
        0.09680182290355169,
        0.0968018229035517,
        0.0968018229035517
    ],
    "avg_overlap": [
        0.21977086308984592,
        0.1983496329015258,
        0.2038466160556111,
        0.2038466160556111,
        0.20384661605561116,
        0.2038466160556111
    ],
    "avg_repetition_difference": [
        0.11767693238156685,
        0.11861316904994379,
        0.11357658971130236,
        0.11357658971130236,
        0.11357658971130233,
        0.11357658971130236
    ],
    "good_beamscore_multipliers_syllable": [
        0.2,
        0.4,
        0.6,
        0.8,
        0.9,
        0.99
    ]
}